count,start_year,start_month,start_day,start_hour,end_year,end_month,end_day,end_hour
1, 1989, 12,31,00, 1990, 01,06,00
2, 1990, 01,05,00, 1990, 01,11,00
3, 1990, 01,10,00, 1990, 01,16,00
4, 1990, 01,15,00, 1990, 01,21,00
5, 1990, 01,20,00, 1990, 01,26,00
6, 1990, 01,25,00, 1990, 01,31,00
7, 1990, 01,30,00, 1990, 02,05,00
8, 1990, 02,04,00, 1990, 02,10,00
9, 1990, 02,09,00, 1990, 02,15,00
10, 1990, 02,14,00, 1990, 02,20,00
11, 1990, 02,19,00, 1990, 02,25,00
12, 1990, 02,24,00, 1990, 03,02,00
13, 1990, 03,01,00, 1990, 03,07,00
14, 1990, 03,06,00, 1990, 03,12,00
15, 1990, 03,11,00, 1990, 03,17,00
16, 1990, 03,16,00, 1990, 03,22,00
17, 1990, 03,21,00, 1990, 03,27,00
18, 1990, 03,26,00, 1990, 04,01,00
19, 1990, 03,31,00, 1990, 04,06,00
20, 1990, 04,05,00, 1990, 04,11,00
21, 1990, 04,10,00, 1990, 04,16,00
22, 1990, 04,15,00, 1990, 04,21,00
23, 1990, 04,20,00, 1990, 04,26,00
24, 1990, 04,25,00, 1990, 05,01,00
25, 1990, 04,30,00, 1990, 05,06,00
26, 1990, 05,05,00, 1990, 05,11,00
27, 1990, 05,10,00, 1990, 05,16,00
28, 1990, 05,15,00, 1990, 05,21,00
29, 1990, 05,20,00, 1990, 05,26,00
30, 1990, 05,25,00, 1990, 05,31,00
31, 1990, 05,30,00, 1990, 06,05,00
32, 1990, 06,04,00, 1990, 06,10,00
33, 1990, 06,09,00, 1990, 06,15,00
34, 1990, 06,14,00, 1990, 06,20,00
35, 1990, 06,19,00, 1990, 06,25,00
36, 1990, 06,24,00, 1990, 06,30,00
37, 1990, 06,29,00, 1990, 07,05,00
38, 1990, 07,04,00, 1990, 07,10,00
39, 1990, 07,09,00, 1990, 07,15,00
40, 1990, 07,14,00, 1990, 07,20,00
41, 1990, 07,19,00, 1990, 07,25,00
42, 1990, 07,24,00, 1990, 07,30,00
43, 1990, 07,29,00, 1990, 08,04,00
44, 1990, 08,03,00, 1990, 08,09,00
45, 1990, 08,08,00, 1990, 08,14,00
46, 1990, 08,13,00, 1990, 08,19,00
47, 1990, 08,18,00, 1990, 08,24,00
48, 1990, 08,23,00, 1990, 08,29,00
49, 1990, 08,28,00, 1990, 09,03,00
50, 1990, 09,02,00, 1990, 09,08,00
51, 1990, 09,07,00, 1990, 09,13,00
52, 1990, 09,12,00, 1990, 09,18,00
53, 1990, 09,17,00, 1990, 09,23,00
54, 1990, 09,22,00, 1990, 09,28,00
55, 1990, 09,27,00, 1990, 10,03,00
56, 1990, 10,02,00, 1990, 10,08,00
57, 1990, 10,07,00, 1990, 10,13,00
58, 1990, 10,12,00, 1990, 10,18,00
59, 1990, 10,17,00, 1990, 10,23,00
60, 1990, 10,22,00, 1990, 10,28,00
61, 1990, 10,27,00, 1990, 11,02,00
62, 1990, 11,01,00, 1990, 11,07,00
63, 1990, 11,06,00, 1990, 11,12,00
64, 1990, 11,11,00, 1990, 11,17,00
65, 1990, 11,16,00, 1990, 11,22,00
66, 1990, 11,21,00, 1990, 11,27,00
67, 1990, 11,26,00, 1990, 12,02,00
68, 1990, 12,01,00, 1990, 12,07,00
69, 1990, 12,06,00, 1990, 12,12,00
70, 1990, 12,11,00, 1990, 12,17,00
71, 1990, 12,16,00, 1990, 12,22,00
72, 1990, 12,21,00, 1990, 12,27,00
73, 1990, 12,26,00, 1991, 01,01,00
74, 1990, 12,31,00, 1991, 01,06,00
75, 1991, 01,05,00, 1991, 01,11,00
76, 1991, 01,10,00, 1991, 01,16,00
77, 1991, 01,15,00, 1991, 01,21,00
78, 1991, 01,20,00, 1991, 01,26,00
79, 1991, 01,25,00, 1991, 01,31,00
80, 1991, 01,30,00, 1991, 02,05,00
81, 1991, 02,04,00, 1991, 02,10,00
82, 1991, 02,09,00, 1991, 02,15,00
83, 1991, 02,14,00, 1991, 02,20,00
84, 1991, 02,19,00, 1991, 02,25,00
85, 1991, 02,24,00, 1991, 03,02,00
86, 1991, 03,01,00, 1991, 03,07,00
87, 1991, 03,06,00, 1991, 03,12,00
88, 1991, 03,11,00, 1991, 03,17,00
89, 1991, 03,16,00, 1991, 03,22,00
90, 1991, 03,21,00, 1991, 03,27,00
91, 1991, 03,26,00, 1991, 04,01,00
92, 1991, 03,31,00, 1991, 04,06,00
93, 1991, 04,05,00, 1991, 04,11,00
94, 1991, 04,10,00, 1991, 04,16,00
95, 1991, 04,15,00, 1991, 04,21,00
96, 1991, 04,20,00, 1991, 04,26,00
97, 1991, 04,25,00, 1991, 05,01,00
98, 1991, 04,30,00, 1991, 05,06,00
99, 1991, 05,05,00, 1991, 05,11,00
100, 1991, 05,10,00, 1991, 05,16,00
101, 1991, 05,15,00, 1991, 05,21,00
102, 1991, 05,20,00, 1991, 05,26,00
103, 1991, 05,25,00, 1991, 05,31,00
104, 1991, 05,30,00, 1991, 06,05,00
105, 1991, 06,04,00, 1991, 06,10,00
106, 1991, 06,09,00, 1991, 06,15,00
107, 1991, 06,14,00, 1991, 06,20,00
108, 1991, 06,19,00, 1991, 06,25,00
109, 1991, 06,24,00, 1991, 06,30,00
110, 1991, 06,29,00, 1991, 07,05,00
111, 1991, 07,04,00, 1991, 07,10,00
112, 1991, 07,09,00, 1991, 07,15,00
113, 1991, 07,14,00, 1991, 07,20,00
114, 1991, 07,19,00, 1991, 07,25,00
115, 1991, 07,24,00, 1991, 07,30,00
116, 1991, 07,29,00, 1991, 08,04,00
117, 1991, 08,03,00, 1991, 08,09,00
118, 1991, 08,08,00, 1991, 08,14,00
119, 1991, 08,13,00, 1991, 08,19,00
120, 1991, 08,18,00, 1991, 08,24,00
121, 1991, 08,23,00, 1991, 08,29,00
122, 1991, 08,28,00, 1991, 09,03,00
123, 1991, 09,02,00, 1991, 09,08,00
124, 1991, 09,07,00, 1991, 09,13,00
125, 1991, 09,12,00, 1991, 09,18,00
126, 1991, 09,17,00, 1991, 09,23,00
127, 1991, 09,22,00, 1991, 09,28,00
128, 1991, 09,27,00, 1991, 10,03,00
129, 1991, 10,02,00, 1991, 10,08,00
130, 1991, 10,07,00, 1991, 10,13,00
131, 1991, 10,12,00, 1991, 10,18,00
132, 1991, 10,17,00, 1991, 10,23,00
133, 1991, 10,22,00, 1991, 10,28,00
134, 1991, 10,27,00, 1991, 11,02,00
135, 1991, 11,01,00, 1991, 11,07,00
136, 1991, 11,06,00, 1991, 11,12,00
137, 1991, 11,11,00, 1991, 11,17,00
138, 1991, 11,16,00, 1991, 11,22,00
139, 1991, 11,21,00, 1991, 11,27,00
140, 1991, 11,26,00, 1991, 12,02,00
141, 1991, 12,01,00, 1991, 12,07,00
142, 1991, 12,06,00, 1991, 12,12,00
143, 1991, 12,11,00, 1991, 12,17,00
144, 1991, 12,16,00, 1991, 12,22,00
145, 1991, 12,21,00, 1991, 12,27,00
146, 1991, 12,26,00, 1992, 01,01,00
147, 1991, 12,31,00, 1992, 01,06,00
148, 1992, 01,05,00, 1992, 01,11,00
149, 1992, 01,10,00, 1992, 01,16,00
150, 1992, 01,15,00, 1992, 01,21,00
151, 1992, 01,20,00, 1992, 01,26,00
152, 1992, 01,25,00, 1992, 01,31,00
153, 1992, 01,30,00, 1992, 02,05,00
154, 1992, 02,04,00, 1992, 02,10,00
155, 1992, 02,09,00, 1992, 02,15,00
156, 1992, 02,14,00, 1992, 02,20,00
157, 1992, 02,19,00, 1992, 02,25,00
158, 1992, 02,24,00, 1992, 03,01,00
159, 1992, 02,29,00, 1992, 03,06,00
160, 1992, 03,05,00, 1992, 03,11,00
161, 1992, 03,10,00, 1992, 03,16,00
162, 1992, 03,15,00, 1992, 03,21,00
163, 1992, 03,20,00, 1992, 03,26,00
164, 1992, 03,25,00, 1992, 03,31,00
165, 1992, 03,30,00, 1992, 04,05,00
166, 1992, 04,04,00, 1992, 04,10,00
167, 1992, 04,09,00, 1992, 04,15,00
168, 1992, 04,14,00, 1992, 04,20,00
169, 1992, 04,19,00, 1992, 04,25,00
170, 1992, 04,24,00, 1992, 04,30,00
171, 1992, 04,29,00, 1992, 05,05,00
172, 1992, 05,04,00, 1992, 05,10,00
173, 1992, 05,09,00, 1992, 05,15,00
174, 1992, 05,14,00, 1992, 05,20,00
175, 1992, 05,19,00, 1992, 05,25,00
176, 1992, 05,24,00, 1992, 05,30,00
177, 1992, 05,29,00, 1992, 06,04,00
178, 1992, 06,03,00, 1992, 06,09,00
179, 1992, 06,08,00, 1992, 06,14,00
180, 1992, 06,13,00, 1992, 06,19,00
181, 1992, 06,18,00, 1992, 06,24,00
182, 1992, 06,23,00, 1992, 06,29,00
183, 1992, 06,28,00, 1992, 07,04,00
184, 1992, 07,03,00, 1992, 07,09,00
185, 1992, 07,08,00, 1992, 07,14,00
186, 1992, 07,13,00, 1992, 07,19,00
187, 1992, 07,18,00, 1992, 07,24,00
188, 1992, 07,23,00, 1992, 07,29,00
189, 1992, 07,28,00, 1992, 08,03,00
190, 1992, 08,02,00, 1992, 08,08,00
191, 1992, 08,07,00, 1992, 08,13,00
192, 1992, 08,12,00, 1992, 08,18,00
193, 1992, 08,17,00, 1992, 08,23,00
194, 1992, 08,22,00, 1992, 08,28,00
195, 1992, 08,27,00, 1992, 09,02,00
196, 1992, 09,01,00, 1992, 09,07,00
197, 1992, 09,06,00, 1992, 09,12,00
198, 1992, 09,11,00, 1992, 09,17,00
199, 1992, 09,16,00, 1992, 09,22,00
200, 1992, 09,21,00, 1992, 09,27,00
201, 1992, 09,26,00, 1992, 10,02,00
202, 1992, 10,01,00, 1992, 10,07,00
203, 1992, 10,06,00, 1992, 10,12,00
204, 1992, 10,11,00, 1992, 10,17,00
205, 1992, 10,16,00, 1992, 10,22,00
206, 1992, 10,21,00, 1992, 10,27,00
207, 1992, 10,26,00, 1992, 11,01,00
208, 1992, 10,31,00, 1992, 11,06,00
209, 1992, 11,05,00, 1992, 11,11,00
210, 1992, 11,10,00, 1992, 11,16,00
211, 1992, 11,15,00, 1992, 11,21,00
212, 1992, 11,20,00, 1992, 11,26,00
213, 1992, 11,25,00, 1992, 12,01,00
214, 1992, 11,30,00, 1992, 12,06,00
215, 1992, 12,05,00, 1992, 12,11,00
216, 1992, 12,10,00, 1992, 12,16,00
217, 1992, 12,15,00, 1992, 12,21,00
218, 1992, 12,20,00, 1992, 12,26,00
219, 1992, 12,25,00, 1992, 12,31,00
220, 1992, 12,30,00, 1993, 01,05,00
221, 1993, 01,04,00, 1993, 01,10,00
222, 1993, 01,09,00, 1993, 01,15,00
223, 1993, 01,14,00, 1993, 01,20,00
224, 1993, 01,19,00, 1993, 01,25,00
225, 1993, 01,24,00, 1993, 01,30,00
226, 1993, 01,29,00, 1993, 02,04,00
227, 1993, 02,03,00, 1993, 02,09,00
228, 1993, 02,08,00, 1993, 02,14,00
229, 1993, 02,13,00, 1993, 02,19,00
230, 1993, 02,18,00, 1993, 02,24,00
231, 1993, 02,23,00, 1993, 03,01,00
232, 1993, 02,28,00, 1993, 03,06,00
233, 1993, 03,05,00, 1993, 03,11,00
234, 1993, 03,10,00, 1993, 03,16,00
235, 1993, 03,15,00, 1993, 03,21,00
236, 1993, 03,20,00, 1993, 03,26,00
237, 1993, 03,25,00, 1993, 03,31,00
238, 1993, 03,30,00, 1993, 04,05,00
239, 1993, 04,04,00, 1993, 04,10,00
240, 1993, 04,09,00, 1993, 04,15,00
241, 1993, 04,14,00, 1993, 04,20,00
242, 1993, 04,19,00, 1993, 04,25,00
243, 1993, 04,24,00, 1993, 04,30,00
244, 1993, 04,29,00, 1993, 05,05,00
245, 1993, 05,04,00, 1993, 05,10,00
246, 1993, 05,09,00, 1993, 05,15,00
247, 1993, 05,14,00, 1993, 05,20,00
248, 1993, 05,19,00, 1993, 05,25,00
249, 1993, 05,24,00, 1993, 05,30,00
250, 1993, 05,29,00, 1993, 06,04,00
251, 1993, 06,03,00, 1993, 06,09,00
252, 1993, 06,08,00, 1993, 06,14,00
253, 1993, 06,13,00, 1993, 06,19,00
254, 1993, 06,18,00, 1993, 06,24,00
255, 1993, 06,23,00, 1993, 06,29,00
256, 1993, 06,28,00, 1993, 07,04,00
257, 1993, 07,03,00, 1993, 07,09,00
258, 1993, 07,08,00, 1993, 07,14,00
259, 1993, 07,13,00, 1993, 07,19,00
260, 1993, 07,18,00, 1993, 07,24,00
261, 1993, 07,23,00, 1993, 07,29,00
262, 1993, 07,28,00, 1993, 08,03,00
263, 1993, 08,02,00, 1993, 08,08,00
264, 1993, 08,07,00, 1993, 08,13,00
265, 1993, 08,12,00, 1993, 08,18,00
266, 1993, 08,17,00, 1993, 08,23,00
267, 1993, 08,22,00, 1993, 08,28,00
268, 1993, 08,27,00, 1993, 09,02,00
269, 1993, 09,01,00, 1993, 09,07,00
270, 1993, 09,06,00, 1993, 09,12,00
271, 1993, 09,11,00, 1993, 09,17,00
272, 1993, 09,16,00, 1993, 09,22,00
273, 1993, 09,21,00, 1993, 09,27,00
274, 1993, 09,26,00, 1993, 10,02,00
275, 1993, 10,01,00, 1993, 10,07,00
276, 1993, 10,06,00, 1993, 10,12,00
277, 1993, 10,11,00, 1993, 10,17,00
278, 1993, 10,16,00, 1993, 10,22,00
279, 1993, 10,21,00, 1993, 10,27,00
280, 1993, 10,26,00, 1993, 11,01,00
281, 1993, 10,31,00, 1993, 11,06,00
282, 1993, 11,05,00, 1993, 11,11,00
283, 1993, 11,10,00, 1993, 11,16,00
284, 1993, 11,15,00, 1993, 11,21,00
285, 1993, 11,20,00, 1993, 11,26,00
286, 1993, 11,25,00, 1993, 12,01,00
287, 1993, 11,30,00, 1993, 12,06,00
288, 1993, 12,05,00, 1993, 12,11,00
289, 1993, 12,10,00, 1993, 12,16,00
290, 1993, 12,15,00, 1993, 12,21,00
291, 1993, 12,20,00, 1993, 12,26,00
292, 1993, 12,25,00, 1993, 12,31,00
293, 1993, 12,30,00, 1994, 01,05,00
294, 1994, 01,04,00, 1994, 01,10,00
295, 1994, 01,09,00, 1994, 01,15,00
296, 1994, 01,14,00, 1994, 01,20,00
297, 1994, 01,19,00, 1994, 01,25,00
298, 1994, 01,24,00, 1994, 01,30,00
299, 1994, 01,29,00, 1994, 02,04,00
300, 1994, 02,03,00, 1994, 02,09,00
301, 1994, 02,08,00, 1994, 02,14,00
302, 1994, 02,13,00, 1994, 02,19,00
303, 1994, 02,18,00, 1994, 02,24,00
304, 1994, 02,23,00, 1994, 03,01,00
305, 1994, 02,28,00, 1994, 03,06,00
306, 1994, 03,05,00, 1994, 03,11,00
307, 1994, 03,10,00, 1994, 03,16,00
308, 1994, 03,15,00, 1994, 03,21,00
309, 1994, 03,20,00, 1994, 03,26,00
310, 1994, 03,25,00, 1994, 03,31,00
311, 1994, 03,30,00, 1994, 04,05,00
312, 1994, 04,04,00, 1994, 04,10,00
313, 1994, 04,09,00, 1994, 04,15,00
314, 1994, 04,14,00, 1994, 04,20,00
315, 1994, 04,19,00, 1994, 04,25,00
316, 1994, 04,24,00, 1994, 04,30,00
317, 1994, 04,29,00, 1994, 05,05,00
318, 1994, 05,04,00, 1994, 05,10,00
319, 1994, 05,09,00, 1994, 05,15,00
320, 1994, 05,14,00, 1994, 05,20,00
321, 1994, 05,19,00, 1994, 05,25,00
322, 1994, 05,24,00, 1994, 05,30,00
323, 1994, 05,29,00, 1994, 06,04,00
324, 1994, 06,03,00, 1994, 06,09,00
325, 1994, 06,08,00, 1994, 06,14,00
326, 1994, 06,13,00, 1994, 06,19,00
327, 1994, 06,18,00, 1994, 06,24,00
328, 1994, 06,23,00, 1994, 06,29,00
329, 1994, 06,28,00, 1994, 07,04,00
330, 1994, 07,03,00, 1994, 07,09,00
331, 1994, 07,08,00, 1994, 07,14,00
332, 1994, 07,13,00, 1994, 07,19,00
333, 1994, 07,18,00, 1994, 07,24,00
334, 1994, 07,23,00, 1994, 07,29,00
335, 1994, 07,28,00, 1994, 08,03,00
336, 1994, 08,02,00, 1994, 08,08,00
337, 1994, 08,07,00, 1994, 08,13,00
338, 1994, 08,12,00, 1994, 08,18,00
339, 1994, 08,17,00, 1994, 08,23,00
340, 1994, 08,22,00, 1994, 08,28,00
341, 1994, 08,27,00, 1994, 09,02,00
342, 1994, 09,01,00, 1994, 09,07,00
343, 1994, 09,06,00, 1994, 09,12,00
344, 1994, 09,11,00, 1994, 09,17,00
345, 1994, 09,16,00, 1994, 09,22,00
346, 1994, 09,21,00, 1994, 09,27,00
347, 1994, 09,26,00, 1994, 10,02,00
348, 1994, 10,01,00, 1994, 10,07,00
349, 1994, 10,06,00, 1994, 10,12,00
350, 1994, 10,11,00, 1994, 10,17,00
351, 1994, 10,16,00, 1994, 10,22,00
352, 1994, 10,21,00, 1994, 10,27,00
353, 1994, 10,26,00, 1994, 11,01,00
354, 1994, 10,31,00, 1994, 11,06,00
355, 1994, 11,05,00, 1994, 11,11,00
356, 1994, 11,10,00, 1994, 11,16,00
357, 1994, 11,15,00, 1994, 11,21,00
358, 1994, 11,20,00, 1994, 11,26,00
359, 1994, 11,25,00, 1994, 12,01,00
360, 1994, 11,30,00, 1994, 12,06,00
361, 1994, 12,05,00, 1994, 12,11,00
362, 1994, 12,10,00, 1994, 12,16,00
363, 1994, 12,15,00, 1994, 12,21,00
364, 1994, 12,20,00, 1994, 12,26,00
365, 1994, 12,25,00, 1994, 12,31,00
366, 1994, 12,30,00, 1995, 01,05,00
367, 1995, 01,04,00, 1995, 01,10,00
368, 1995, 01,09,00, 1995, 01,15,00
369, 1995, 01,14,00, 1995, 01,20,00
370, 1995, 01,19,00, 1995, 01,25,00
371, 1995, 01,24,00, 1995, 01,30,00
372, 1995, 01,29,00, 1995, 02,04,00
373, 1995, 02,03,00, 1995, 02,09,00
374, 1995, 02,08,00, 1995, 02,14,00
375, 1995, 02,13,00, 1995, 02,19,00
376, 1995, 02,18,00, 1995, 02,24,00
377, 1995, 02,23,00, 1995, 03,01,00
378, 1995, 02,28,00, 1995, 03,06,00
379, 1995, 03,05,00, 1995, 03,11,00
380, 1995, 03,10,00, 1995, 03,16,00
381, 1995, 03,15,00, 1995, 03,21,00
382, 1995, 03,20,00, 1995, 03,26,00
383, 1995, 03,25,00, 1995, 03,31,00
384, 1995, 03,30,00, 1995, 04,05,00
385, 1995, 04,04,00, 1995, 04,10,00
386, 1995, 04,09,00, 1995, 04,15,00
387, 1995, 04,14,00, 1995, 04,20,00
388, 1995, 04,19,00, 1995, 04,25,00
389, 1995, 04,24,00, 1995, 04,30,00
390, 1995, 04,29,00, 1995, 05,05,00
391, 1995, 05,04,00, 1995, 05,10,00
392, 1995, 05,09,00, 1995, 05,15,00
393, 1995, 05,14,00, 1995, 05,20,00
394, 1995, 05,19,00, 1995, 05,25,00
395, 1995, 05,24,00, 1995, 05,30,00
396, 1995, 05,29,00, 1995, 06,04,00
397, 1995, 06,03,00, 1995, 06,09,00
398, 1995, 06,08,00, 1995, 06,14,00
399, 1995, 06,13,00, 1995, 06,19,00
400, 1995, 06,18,00, 1995, 06,24,00
401, 1995, 06,23,00, 1995, 06,29,00
402, 1995, 06,28,00, 1995, 07,04,00
403, 1995, 07,03,00, 1995, 07,09,00
404, 1995, 07,08,00, 1995, 07,14,00
405, 1995, 07,13,00, 1995, 07,19,00
406, 1995, 07,18,00, 1995, 07,24,00
407, 1995, 07,23,00, 1995, 07,29,00
408, 1995, 07,28,00, 1995, 08,03,00
409, 1995, 08,02,00, 1995, 08,08,00
410, 1995, 08,07,00, 1995, 08,13,00
411, 1995, 08,12,00, 1995, 08,18,00
412, 1995, 08,17,00, 1995, 08,23,00
413, 1995, 08,22,00, 1995, 08,28,00
414, 1995, 08,27,00, 1995, 09,02,00
415, 1995, 09,01,00, 1995, 09,07,00
416, 1995, 09,06,00, 1995, 09,12,00
417, 1995, 09,11,00, 1995, 09,17,00
418, 1995, 09,16,00, 1995, 09,22,00
419, 1995, 09,21,00, 1995, 09,27,00
420, 1995, 09,26,00, 1995, 10,02,00
421, 1995, 10,01,00, 1995, 10,07,00
422, 1995, 10,06,00, 1995, 10,12,00
423, 1995, 10,11,00, 1995, 10,17,00
424, 1995, 10,16,00, 1995, 10,22,00
425, 1995, 10,21,00, 1995, 10,27,00
426, 1995, 10,26,00, 1995, 11,01,00
427, 1995, 10,31,00, 1995, 11,06,00
428, 1995, 11,05,00, 1995, 11,11,00
429, 1995, 11,10,00, 1995, 11,16,00
430, 1995, 11,15,00, 1995, 11,21,00
431, 1995, 11,20,00, 1995, 11,26,00
432, 1995, 11,25,00, 1995, 12,01,00
433, 1995, 11,30,00, 1995, 12,06,00
434, 1995, 12,05,00, 1995, 12,11,00
435, 1995, 12,10,00, 1995, 12,16,00
436, 1995, 12,15,00, 1995, 12,21,00
437, 1995, 12,20,00, 1995, 12,26,00
438, 1995, 12,25,00, 1995, 12,31,00
439, 1995, 12,30,00, 1996, 01,05,00
440, 1996, 01,04,00, 1996, 01,10,00
441, 1996, 01,09,00, 1996, 01,15,00
442, 1996, 01,14,00, 1996, 01,20,00
443, 1996, 01,19,00, 1996, 01,25,00
444, 1996, 01,24,00, 1996, 01,30,00
445, 1996, 01,29,00, 1996, 02,04,00
446, 1996, 02,03,00, 1996, 02,09,00
447, 1996, 02,08,00, 1996, 02,14,00
448, 1996, 02,13,00, 1996, 02,19,00
449, 1996, 02,18,00, 1996, 02,24,00
450, 1996, 02,23,00, 1996, 02,29,00
451, 1996, 02,28,00, 1996, 03,05,00
452, 1996, 03,04,00, 1996, 03,10,00
453, 1996, 03,09,00, 1996, 03,15,00
454, 1996, 03,14,00, 1996, 03,20,00
455, 1996, 03,19,00, 1996, 03,25,00
456, 1996, 03,24,00, 1996, 03,30,00
457, 1996, 03,29,00, 1996, 04,04,00
458, 1996, 04,03,00, 1996, 04,09,00
459, 1996, 04,08,00, 1996, 04,14,00
460, 1996, 04,13,00, 1996, 04,19,00
461, 1996, 04,18,00, 1996, 04,24,00
462, 1996, 04,23,00, 1996, 04,29,00
463, 1996, 04,28,00, 1996, 05,04,00
464, 1996, 05,03,00, 1996, 05,09,00
465, 1996, 05,08,00, 1996, 05,14,00
466, 1996, 05,13,00, 1996, 05,19,00
467, 1996, 05,18,00, 1996, 05,24,00
468, 1996, 05,23,00, 1996, 05,29,00
469, 1996, 05,28,00, 1996, 06,03,00
470, 1996, 06,02,00, 1996, 06,08,00
471, 1996, 06,07,00, 1996, 06,13,00
472, 1996, 06,12,00, 1996, 06,18,00
473, 1996, 06,17,00, 1996, 06,23,00
474, 1996, 06,22,00, 1996, 06,28,00
475, 1996, 06,27,00, 1996, 07,03,00
476, 1996, 07,02,00, 1996, 07,08,00
477, 1996, 07,07,00, 1996, 07,13,00
478, 1996, 07,12,00, 1996, 07,18,00
479, 1996, 07,17,00, 1996, 07,23,00
480, 1996, 07,22,00, 1996, 07,28,00
481, 1996, 07,27,00, 1996, 08,02,00
482, 1996, 08,01,00, 1996, 08,07,00
483, 1996, 08,06,00, 1996, 08,12,00
484, 1996, 08,11,00, 1996, 08,17,00
485, 1996, 08,16,00, 1996, 08,22,00
486, 1996, 08,21,00, 1996, 08,27,00
487, 1996, 08,26,00, 1996, 09,01,00
488, 1996, 08,31,00, 1996, 09,06,00
489, 1996, 09,05,00, 1996, 09,11,00
490, 1996, 09,10,00, 1996, 09,16,00
491, 1996, 09,15,00, 1996, 09,21,00
492, 1996, 09,20,00, 1996, 09,26,00
493, 1996, 09,25,00, 1996, 10,01,00
494, 1996, 09,30,00, 1996, 10,06,00
495, 1996, 10,05,00, 1996, 10,11,00
496, 1996, 10,10,00, 1996, 10,16,00
497, 1996, 10,15,00, 1996, 10,21,00
498, 1996, 10,20,00, 1996, 10,26,00
499, 1996, 10,25,00, 1996, 10,31,00
500, 1996, 10,30,00, 1996, 11,05,00
501, 1996, 11,04,00, 1996, 11,10,00
502, 1996, 11,09,00, 1996, 11,15,00
503, 1996, 11,14,00, 1996, 11,20,00
504, 1996, 11,19,00, 1996, 11,25,00
505, 1996, 11,24,00, 1996, 11,30,00
506, 1996, 11,29,00, 1996, 12,05,00
507, 1996, 12,04,00, 1996, 12,10,00
508, 1996, 12,09,00, 1996, 12,15,00
509, 1996, 12,14,00, 1996, 12,20,00
510, 1996, 12,19,00, 1996, 12,25,00
511, 1996, 12,24,00, 1996, 12,30,00
512, 1996, 12,29,00, 1997, 01,04,00
513, 1997, 01,03,00, 1997, 01,09,00
514, 1997, 01,08,00, 1997, 01,14,00
515, 1997, 01,13,00, 1997, 01,19,00
516, 1997, 01,18,00, 1997, 01,24,00
517, 1997, 01,23,00, 1997, 01,29,00
518, 1997, 01,28,00, 1997, 02,03,00
519, 1997, 02,02,00, 1997, 02,08,00
520, 1997, 02,07,00, 1997, 02,13,00
521, 1997, 02,12,00, 1997, 02,18,00
522, 1997, 02,17,00, 1997, 02,23,00
523, 1997, 02,22,00, 1997, 02,28,00
524, 1997, 02,27,00, 1997, 03,05,00
525, 1997, 03,04,00, 1997, 03,10,00
526, 1997, 03,09,00, 1997, 03,15,00
527, 1997, 03,14,00, 1997, 03,20,00
528, 1997, 03,19,00, 1997, 03,25,00
529, 1997, 03,24,00, 1997, 03,30,00
530, 1997, 03,29,00, 1997, 04,04,00
531, 1997, 04,03,00, 1997, 04,09,00
532, 1997, 04,08,00, 1997, 04,14,00
533, 1997, 04,13,00, 1997, 04,19,00
534, 1997, 04,18,00, 1997, 04,24,00
535, 1997, 04,23,00, 1997, 04,29,00
536, 1997, 04,28,00, 1997, 05,04,00
537, 1997, 05,03,00, 1997, 05,09,00
538, 1997, 05,08,00, 1997, 05,14,00
539, 1997, 05,13,00, 1997, 05,19,00
540, 1997, 05,18,00, 1997, 05,24,00
541, 1997, 05,23,00, 1997, 05,29,00
542, 1997, 05,28,00, 1997, 06,03,00
543, 1997, 06,02,00, 1997, 06,08,00
544, 1997, 06,07,00, 1997, 06,13,00
545, 1997, 06,12,00, 1997, 06,18,00
546, 1997, 06,17,00, 1997, 06,23,00
547, 1997, 06,22,00, 1997, 06,28,00
548, 1997, 06,27,00, 1997, 07,03,00
549, 1997, 07,02,00, 1997, 07,08,00
550, 1997, 07,07,00, 1997, 07,13,00
551, 1997, 07,12,00, 1997, 07,18,00
552, 1997, 07,17,00, 1997, 07,23,00
553, 1997, 07,22,00, 1997, 07,28,00
554, 1997, 07,27,00, 1997, 08,02,00
555, 1997, 08,01,00, 1997, 08,07,00
556, 1997, 08,06,00, 1997, 08,12,00
557, 1997, 08,11,00, 1997, 08,17,00
558, 1997, 08,16,00, 1997, 08,22,00
559, 1997, 08,21,00, 1997, 08,27,00
560, 1997, 08,26,00, 1997, 09,01,00
561, 1997, 08,31,00, 1997, 09,06,00
562, 1997, 09,05,00, 1997, 09,11,00
563, 1997, 09,10,00, 1997, 09,16,00
564, 1997, 09,15,00, 1997, 09,21,00
565, 1997, 09,20,00, 1997, 09,26,00
566, 1997, 09,25,00, 1997, 10,01,00
567, 1997, 09,30,00, 1997, 10,06,00
568, 1997, 10,05,00, 1997, 10,11,00
569, 1997, 10,10,00, 1997, 10,16,00
570, 1997, 10,15,00, 1997, 10,21,00
571, 1997, 10,20,00, 1997, 10,26,00
572, 1997, 10,25,00, 1997, 10,31,00
573, 1997, 10,30,00, 1997, 11,05,00
574, 1997, 11,04,00, 1997, 11,10,00
575, 1997, 11,09,00, 1997, 11,15,00
576, 1997, 11,14,00, 1997, 11,20,00
577, 1997, 11,19,00, 1997, 11,25,00
578, 1997, 11,24,00, 1997, 11,30,00
579, 1997, 11,29,00, 1997, 12,05,00
580, 1997, 12,04,00, 1997, 12,10,00
581, 1997, 12,09,00, 1997, 12,15,00
582, 1997, 12,14,00, 1997, 12,20,00
583, 1997, 12,19,00, 1997, 12,25,00
584, 1997, 12,24,00, 1997, 12,30,00
585, 1997, 12,29,00, 1998, 01,04,00
586, 1998, 01,03,00, 1998, 01,09,00
587, 1998, 01,08,00, 1998, 01,14,00
588, 1998, 01,13,00, 1998, 01,19,00
589, 1998, 01,18,00, 1998, 01,24,00
590, 1998, 01,23,00, 1998, 01,29,00
591, 1998, 01,28,00, 1998, 02,03,00
592, 1998, 02,02,00, 1998, 02,08,00
593, 1998, 02,07,00, 1998, 02,13,00
594, 1998, 02,12,00, 1998, 02,18,00
595, 1998, 02,17,00, 1998, 02,23,00
596, 1998, 02,22,00, 1998, 02,28,00
597, 1998, 02,27,00, 1998, 03,05,00
598, 1998, 03,04,00, 1998, 03,10,00
599, 1998, 03,09,00, 1998, 03,15,00
600, 1998, 03,14,00, 1998, 03,20,00
601, 1998, 03,19,00, 1998, 03,25,00
602, 1998, 03,24,00, 1998, 03,30,00
603, 1998, 03,29,00, 1998, 04,04,00
604, 1998, 04,03,00, 1998, 04,09,00
605, 1998, 04,08,00, 1998, 04,14,00
606, 1998, 04,13,00, 1998, 04,19,00
607, 1998, 04,18,00, 1998, 04,24,00
608, 1998, 04,23,00, 1998, 04,29,00
609, 1998, 04,28,00, 1998, 05,04,00
610, 1998, 05,03,00, 1998, 05,09,00
611, 1998, 05,08,00, 1998, 05,14,00
612, 1998, 05,13,00, 1998, 05,19,00
613, 1998, 05,18,00, 1998, 05,24,00
614, 1998, 05,23,00, 1998, 05,29,00
615, 1998, 05,28,00, 1998, 06,03,00
616, 1998, 06,02,00, 1998, 06,08,00
617, 1998, 06,07,00, 1998, 06,13,00
618, 1998, 06,12,00, 1998, 06,18,00
619, 1998, 06,17,00, 1998, 06,23,00
620, 1998, 06,22,00, 1998, 06,28,00
621, 1998, 06,27,00, 1998, 07,03,00
622, 1998, 07,02,00, 1998, 07,08,00
623, 1998, 07,07,00, 1998, 07,13,00
624, 1998, 07,12,00, 1998, 07,18,00
625, 1998, 07,17,00, 1998, 07,23,00
626, 1998, 07,22,00, 1998, 07,28,00
627, 1998, 07,27,00, 1998, 08,02,00
628, 1998, 08,01,00, 1998, 08,07,00
629, 1998, 08,06,00, 1998, 08,12,00
630, 1998, 08,11,00, 1998, 08,17,00
631, 1998, 08,16,00, 1998, 08,22,00
632, 1998, 08,21,00, 1998, 08,27,00
633, 1998, 08,26,00, 1998, 09,01,00
634, 1998, 08,31,00, 1998, 09,06,00
635, 1998, 09,05,00, 1998, 09,11,00
636, 1998, 09,10,00, 1998, 09,16,00
637, 1998, 09,15,00, 1998, 09,21,00
638, 1998, 09,20,00, 1998, 09,26,00
639, 1998, 09,25,00, 1998, 10,01,00
640, 1998, 09,30,00, 1998, 10,06,00
641, 1998, 10,05,00, 1998, 10,11,00
642, 1998, 10,10,00, 1998, 10,16,00
643, 1998, 10,15,00, 1998, 10,21,00
644, 1998, 10,20,00, 1998, 10,26,00
645, 1998, 10,25,00, 1998, 10,31,00
646, 1998, 10,30,00, 1998, 11,05,00
647, 1998, 11,04,00, 1998, 11,10,00
648, 1998, 11,09,00, 1998, 11,15,00
649, 1998, 11,14,00, 1998, 11,20,00
650, 1998, 11,19,00, 1998, 11,25,00
651, 1998, 11,24,00, 1998, 11,30,00
652, 1998, 11,29,00, 1998, 12,05,00
653, 1998, 12,04,00, 1998, 12,10,00
654, 1998, 12,09,00, 1998, 12,15,00
655, 1998, 12,14,00, 1998, 12,20,00
656, 1998, 12,19,00, 1998, 12,25,00
657, 1998, 12,24,00, 1998, 12,30,00
658, 1998, 12,29,00, 1999, 01,04,00
659, 1999, 01,03,00, 1999, 01,09,00
660, 1999, 01,08,00, 1999, 01,14,00
661, 1999, 01,13,00, 1999, 01,19,00
662, 1999, 01,18,00, 1999, 01,24,00
663, 1999, 01,23,00, 1999, 01,29,00
664, 1999, 01,28,00, 1999, 02,03,00
665, 1999, 02,02,00, 1999, 02,08,00
666, 1999, 02,07,00, 1999, 02,13,00
667, 1999, 02,12,00, 1999, 02,18,00
668, 1999, 02,17,00, 1999, 02,23,00
669, 1999, 02,22,00, 1999, 02,28,00
670, 1999, 02,27,00, 1999, 03,05,00
671, 1999, 03,04,00, 1999, 03,10,00
672, 1999, 03,09,00, 1999, 03,15,00
673, 1999, 03,14,00, 1999, 03,20,00
674, 1999, 03,19,00, 1999, 03,25,00
675, 1999, 03,24,00, 1999, 03,30,00
676, 1999, 03,29,00, 1999, 04,04,00
677, 1999, 04,03,00, 1999, 04,09,00
678, 1999, 04,08,00, 1999, 04,14,00
679, 1999, 04,13,00, 1999, 04,19,00
680, 1999, 04,18,00, 1999, 04,24,00
681, 1999, 04,23,00, 1999, 04,29,00
682, 1999, 04,28,00, 1999, 05,04,00
683, 1999, 05,03,00, 1999, 05,09,00
684, 1999, 05,08,00, 1999, 05,14,00
685, 1999, 05,13,00, 1999, 05,19,00
686, 1999, 05,18,00, 1999, 05,24,00
687, 1999, 05,23,00, 1999, 05,29,00
688, 1999, 05,28,00, 1999, 06,03,00
689, 1999, 06,02,00, 1999, 06,08,00
690, 1999, 06,07,00, 1999, 06,13,00
691, 1999, 06,12,00, 1999, 06,18,00
692, 1999, 06,17,00, 1999, 06,23,00
693, 1999, 06,22,00, 1999, 06,28,00
694, 1999, 06,27,00, 1999, 07,03,00
695, 1999, 07,02,00, 1999, 07,08,00
696, 1999, 07,07,00, 1999, 07,13,00
697, 1999, 07,12,00, 1999, 07,18,00
698, 1999, 07,17,00, 1999, 07,23,00
699, 1999, 07,22,00, 1999, 07,28,00
700, 1999, 07,27,00, 1999, 08,02,00
701, 1999, 08,01,00, 1999, 08,07,00
702, 1999, 08,06,00, 1999, 08,12,00
703, 1999, 08,11,00, 1999, 08,17,00
704, 1999, 08,16,00, 1999, 08,22,00
705, 1999, 08,21,00, 1999, 08,27,00
706, 1999, 08,26,00, 1999, 09,01,00
707, 1999, 08,31,00, 1999, 09,06,00
708, 1999, 09,05,00, 1999, 09,11,00
709, 1999, 09,10,00, 1999, 09,16,00
710, 1999, 09,15,00, 1999, 09,21,00
711, 1999, 09,20,00, 1999, 09,26,00
712, 1999, 09,25,00, 1999, 10,01,00
713, 1999, 09,30,00, 1999, 10,06,00
714, 1999, 10,05,00, 1999, 10,11,00
715, 1999, 10,10,00, 1999, 10,16,00
716, 1999, 10,15,00, 1999, 10,21,00
717, 1999, 10,20,00, 1999, 10,26,00
718, 1999, 10,25,00, 1999, 10,31,00
719, 1999, 10,30,00, 1999, 11,05,00
720, 1999, 11,04,00, 1999, 11,10,00
721, 1999, 11,09,00, 1999, 11,15,00
722, 1999, 11,14,00, 1999, 11,20,00
723, 1999, 11,19,00, 1999, 11,25,00
724, 1999, 11,24,00, 1999, 11,30,00
725, 1999, 11,29,00, 1999, 12,05,00
726, 1999, 12,04,00, 1999, 12,10,00
727, 1999, 12,09,00, 1999, 12,15,00
728, 1999, 12,14,00, 1999, 12,20,00
729, 1999, 12,19,00, 1999, 12,25,00
730, 1999, 12,24,00, 1999, 12,30,00
731, 1999, 12,29,00, 2000, 01,04,00
732, 2000, 01,03,00, 2000, 01,09,00
733, 2000, 01,08,00, 2000, 01,14,00
734, 2000, 01,13,00, 2000, 01,19,00
735, 2000, 01,18,00, 2000, 01,24,00
736, 2000, 01,23,00, 2000, 01,29,00
737, 2000, 01,28,00, 2000, 02,03,00
738, 2000, 02,02,00, 2000, 02,08,00
739, 2000, 02,07,00, 2000, 02,13,00
740, 2000, 02,12,00, 2000, 02,18,00
741, 2000, 02,17,00, 2000, 02,23,00
742, 2000, 02,22,00, 2000, 02,28,00
743, 2000, 02,27,00, 2000, 03,04,00
744, 2000, 03,03,00, 2000, 03,09,00
745, 2000, 03,08,00, 2000, 03,14,00
746, 2000, 03,13,00, 2000, 03,19,00
747, 2000, 03,18,00, 2000, 03,24,00
748, 2000, 03,23,00, 2000, 03,29,00
749, 2000, 03,28,00, 2000, 04,03,00
750, 2000, 04,02,00, 2000, 04,08,00
751, 2000, 04,07,00, 2000, 04,13,00
752, 2000, 04,12,00, 2000, 04,18,00
753, 2000, 04,17,00, 2000, 04,23,00
754, 2000, 04,22,00, 2000, 04,28,00
755, 2000, 04,27,00, 2000, 05,03,00
756, 2000, 05,02,00, 2000, 05,08,00
757, 2000, 05,07,00, 2000, 05,13,00
758, 2000, 05,12,00, 2000, 05,18,00
759, 2000, 05,17,00, 2000, 05,23,00
760, 2000, 05,22,00, 2000, 05,28,00
761, 2000, 05,27,00, 2000, 06,02,00
762, 2000, 06,01,00, 2000, 06,07,00
763, 2000, 06,06,00, 2000, 06,12,00
764, 2000, 06,11,00, 2000, 06,17,00
765, 2000, 06,16,00, 2000, 06,22,00
766, 2000, 06,21,00, 2000, 06,27,00
767, 2000, 06,26,00, 2000, 07,02,00
768, 2000, 07,01,00, 2000, 07,07,00
769, 2000, 07,06,00, 2000, 07,12,00
770, 2000, 07,11,00, 2000, 07,17,00
771, 2000, 07,16,00, 2000, 07,22,00
772, 2000, 07,21,00, 2000, 07,27,00
773, 2000, 07,26,00, 2000, 08,01,00
774, 2000, 07,31,00, 2000, 08,06,00
775, 2000, 08,05,00, 2000, 08,11,00
776, 2000, 08,10,00, 2000, 08,16,00
777, 2000, 08,15,00, 2000, 08,21,00
778, 2000, 08,20,00, 2000, 08,26,00
779, 2000, 08,25,00, 2000, 08,31,00
780, 2000, 08,30,00, 2000, 09,05,00
781, 2000, 09,04,00, 2000, 09,10,00
782, 2000, 09,09,00, 2000, 09,15,00
783, 2000, 09,14,00, 2000, 09,20,00
784, 2000, 09,19,00, 2000, 09,25,00
785, 2000, 09,24,00, 2000, 09,30,00
786, 2000, 09,29,00, 2000, 10,05,00
787, 2000, 10,04,00, 2000, 10,10,00
788, 2000, 10,09,00, 2000, 10,15,00
789, 2000, 10,14,00, 2000, 10,20,00
790, 2000, 10,19,00, 2000, 10,25,00
791, 2000, 10,24,00, 2000, 10,30,00
792, 2000, 10,29,00, 2000, 11,04,00
793, 2000, 11,03,00, 2000, 11,09,00
794, 2000, 11,08,00, 2000, 11,14,00
795, 2000, 11,13,00, 2000, 11,19,00
796, 2000, 11,18,00, 2000, 11,24,00
797, 2000, 11,23,00, 2000, 11,29,00
798, 2000, 11,28,00, 2000, 12,04,00
799, 2000, 12,03,00, 2000, 12,09,00
800, 2000, 12,08,00, 2000, 12,14,00
801, 2000, 12,13,00, 2000, 12,19,00
802, 2000, 12,18,00, 2000, 12,24,00
803, 2000, 12,23,00, 2000, 12,29,00
804, 2000, 12,28,00, 2001, 01,03,00
805, 2001, 01,02,00, 2001, 01,08,00
806, 2001, 01,07,00, 2001, 01,13,00
807, 2001, 01,12,00, 2001, 01,18,00
808, 2001, 01,17,00, 2001, 01,23,00
809, 2001, 01,22,00, 2001, 01,28,00
810, 2001, 01,27,00, 2001, 02,02,00
811, 2001, 02,01,00, 2001, 02,07,00
812, 2001, 02,06,00, 2001, 02,12,00
813, 2001, 02,11,00, 2001, 02,17,00
814, 2001, 02,16,00, 2001, 02,22,00
815, 2001, 02,21,00, 2001, 02,27,00
816, 2001, 02,26,00, 2001, 03,04,00
817, 2001, 03,03,00, 2001, 03,09,00
818, 2001, 03,08,00, 2001, 03,14,00
819, 2001, 03,13,00, 2001, 03,19,00
820, 2001, 03,18,00, 2001, 03,24,00
821, 2001, 03,23,00, 2001, 03,29,00
822, 2001, 03,28,00, 2001, 04,03,00
823, 2001, 04,02,00, 2001, 04,08,00
824, 2001, 04,07,00, 2001, 04,13,00
825, 2001, 04,12,00, 2001, 04,18,00
826, 2001, 04,17,00, 2001, 04,23,00
827, 2001, 04,22,00, 2001, 04,28,00
828, 2001, 04,27,00, 2001, 05,03,00
829, 2001, 05,02,00, 2001, 05,08,00
830, 2001, 05,07,00, 2001, 05,13,00
831, 2001, 05,12,00, 2001, 05,18,00
832, 2001, 05,17,00, 2001, 05,23,00
833, 2001, 05,22,00, 2001, 05,28,00
834, 2001, 05,27,00, 2001, 06,02,00
835, 2001, 06,01,00, 2001, 06,07,00
836, 2001, 06,06,00, 2001, 06,12,00
837, 2001, 06,11,00, 2001, 06,17,00
838, 2001, 06,16,00, 2001, 06,22,00
839, 2001, 06,21,00, 2001, 06,27,00
840, 2001, 06,26,00, 2001, 07,02,00
841, 2001, 07,01,00, 2001, 07,07,00
842, 2001, 07,06,00, 2001, 07,12,00
843, 2001, 07,11,00, 2001, 07,17,00
844, 2001, 07,16,00, 2001, 07,22,00
845, 2001, 07,21,00, 2001, 07,27,00
846, 2001, 07,26,00, 2001, 08,01,00
847, 2001, 07,31,00, 2001, 08,06,00
848, 2001, 08,05,00, 2001, 08,11,00
849, 2001, 08,10,00, 2001, 08,16,00
850, 2001, 08,15,00, 2001, 08,21,00
851, 2001, 08,20,00, 2001, 08,26,00
852, 2001, 08,25,00, 2001, 08,31,00
853, 2001, 08,30,00, 2001, 09,05,00
854, 2001, 09,04,00, 2001, 09,10,00
855, 2001, 09,09,00, 2001, 09,15,00
856, 2001, 09,14,00, 2001, 09,20,00
857, 2001, 09,19,00, 2001, 09,25,00
858, 2001, 09,24,00, 2001, 09,30,00
859, 2001, 09,29,00, 2001, 10,05,00
860, 2001, 10,04,00, 2001, 10,10,00
861, 2001, 10,09,00, 2001, 10,15,00
862, 2001, 10,14,00, 2001, 10,20,00
863, 2001, 10,19,00, 2001, 10,25,00
864, 2001, 10,24,00, 2001, 10,30,00
865, 2001, 10,29,00, 2001, 11,04,00
866, 2001, 11,03,00, 2001, 11,09,00
867, 2001, 11,08,00, 2001, 11,14,00
868, 2001, 11,13,00, 2001, 11,19,00
869, 2001, 11,18,00, 2001, 11,24,00
870, 2001, 11,23,00, 2001, 11,29,00
871, 2001, 11,28,00, 2001, 12,04,00
872, 2001, 12,03,00, 2001, 12,09,00
873, 2001, 12,08,00, 2001, 12,14,00
874, 2001, 12,13,00, 2001, 12,19,00
875, 2001, 12,18,00, 2001, 12,24,00
876, 2001, 12,23,00, 2001, 12,29,00
877, 2001, 12,28,00, 2002, 01,03,00
878, 2002, 01,02,00, 2002, 01,08,00
879, 2002, 01,07,00, 2002, 01,13,00
880, 2002, 01,12,00, 2002, 01,18,00
881, 2002, 01,17,00, 2002, 01,23,00
882, 2002, 01,22,00, 2002, 01,28,00
883, 2002, 01,27,00, 2002, 02,02,00
884, 2002, 02,01,00, 2002, 02,07,00
885, 2002, 02,06,00, 2002, 02,12,00
886, 2002, 02,11,00, 2002, 02,17,00
887, 2002, 02,16,00, 2002, 02,22,00
888, 2002, 02,21,00, 2002, 02,27,00
889, 2002, 02,26,00, 2002, 03,04,00
890, 2002, 03,03,00, 2002, 03,09,00
891, 2002, 03,08,00, 2002, 03,14,00
892, 2002, 03,13,00, 2002, 03,19,00
893, 2002, 03,18,00, 2002, 03,24,00
894, 2002, 03,23,00, 2002, 03,29,00
895, 2002, 03,28,00, 2002, 04,03,00
896, 2002, 04,02,00, 2002, 04,08,00
897, 2002, 04,07,00, 2002, 04,13,00
898, 2002, 04,12,00, 2002, 04,18,00
899, 2002, 04,17,00, 2002, 04,23,00
900, 2002, 04,22,00, 2002, 04,28,00
901, 2002, 04,27,00, 2002, 05,03,00
902, 2002, 05,02,00, 2002, 05,08,00
903, 2002, 05,07,00, 2002, 05,13,00
904, 2002, 05,12,00, 2002, 05,18,00
905, 2002, 05,17,00, 2002, 05,23,00
906, 2002, 05,22,00, 2002, 05,28,00
907, 2002, 05,27,00, 2002, 06,02,00
908, 2002, 06,01,00, 2002, 06,07,00
909, 2002, 06,06,00, 2002, 06,12,00
910, 2002, 06,11,00, 2002, 06,17,00
911, 2002, 06,16,00, 2002, 06,22,00
912, 2002, 06,21,00, 2002, 06,27,00
913, 2002, 06,26,00, 2002, 07,02,00
914, 2002, 07,01,00, 2002, 07,07,00
915, 2002, 07,06,00, 2002, 07,12,00
916, 2002, 07,11,00, 2002, 07,17,00
917, 2002, 07,16,00, 2002, 07,22,00
918, 2002, 07,21,00, 2002, 07,27,00
919, 2002, 07,26,00, 2002, 08,01,00
920, 2002, 07,31,00, 2002, 08,06,00
921, 2002, 08,05,00, 2002, 08,11,00
922, 2002, 08,10,00, 2002, 08,16,00
923, 2002, 08,15,00, 2002, 08,21,00
924, 2002, 08,20,00, 2002, 08,26,00
925, 2002, 08,25,00, 2002, 08,31,00
926, 2002, 08,30,00, 2002, 09,05,00
927, 2002, 09,04,00, 2002, 09,10,00
928, 2002, 09,09,00, 2002, 09,15,00
929, 2002, 09,14,00, 2002, 09,20,00
930, 2002, 09,19,00, 2002, 09,25,00
931, 2002, 09,24,00, 2002, 09,30,00
932, 2002, 09,29,00, 2002, 10,05,00
933, 2002, 10,04,00, 2002, 10,10,00
934, 2002, 10,09,00, 2002, 10,15,00
935, 2002, 10,14,00, 2002, 10,20,00
936, 2002, 10,19,00, 2002, 10,25,00
937, 2002, 10,24,00, 2002, 10,30,00
938, 2002, 10,29,00, 2002, 11,04,00
939, 2002, 11,03,00, 2002, 11,09,00
940, 2002, 11,08,00, 2002, 11,14,00
941, 2002, 11,13,00, 2002, 11,19,00
942, 2002, 11,18,00, 2002, 11,24,00
943, 2002, 11,23,00, 2002, 11,29,00
944, 2002, 11,28,00, 2002, 12,04,00
945, 2002, 12,03,00, 2002, 12,09,00
946, 2002, 12,08,00, 2002, 12,14,00
947, 2002, 12,13,00, 2002, 12,19,00
948, 2002, 12,18,00, 2002, 12,24,00
949, 2002, 12,23,00, 2002, 12,29,00
950, 2002, 12,28,00, 2003, 01,03,00
951, 2003, 01,02,00, 2003, 01,08,00
952, 2003, 01,07,00, 2003, 01,13,00
953, 2003, 01,12,00, 2003, 01,18,00
954, 2003, 01,17,00, 2003, 01,23,00
955, 2003, 01,22,00, 2003, 01,28,00
956, 2003, 01,27,00, 2003, 02,02,00
957, 2003, 02,01,00, 2003, 02,07,00
958, 2003, 02,06,00, 2003, 02,12,00
959, 2003, 02,11,00, 2003, 02,17,00
960, 2003, 02,16,00, 2003, 02,22,00
961, 2003, 02,21,00, 2003, 02,27,00
962, 2003, 02,26,00, 2003, 03,04,00
963, 2003, 03,03,00, 2003, 03,09,00
964, 2003, 03,08,00, 2003, 03,14,00
965, 2003, 03,13,00, 2003, 03,19,00
966, 2003, 03,18,00, 2003, 03,24,00
967, 2003, 03,23,00, 2003, 03,29,00
968, 2003, 03,28,00, 2003, 04,03,00
969, 2003, 04,02,00, 2003, 04,08,00
970, 2003, 04,07,00, 2003, 04,13,00
971, 2003, 04,12,00, 2003, 04,18,00
972, 2003, 04,17,00, 2003, 04,23,00
973, 2003, 04,22,00, 2003, 04,28,00
974, 2003, 04,27,00, 2003, 05,03,00
975, 2003, 05,02,00, 2003, 05,08,00
976, 2003, 05,07,00, 2003, 05,13,00
977, 2003, 05,12,00, 2003, 05,18,00
978, 2003, 05,17,00, 2003, 05,23,00
979, 2003, 05,22,00, 2003, 05,28,00
980, 2003, 05,27,00, 2003, 06,02,00
981, 2003, 06,01,00, 2003, 06,07,00
982, 2003, 06,06,00, 2003, 06,12,00
983, 2003, 06,11,00, 2003, 06,17,00
984, 2003, 06,16,00, 2003, 06,22,00
985, 2003, 06,21,00, 2003, 06,27,00
986, 2003, 06,26,00, 2003, 07,02,00
987, 2003, 07,01,00, 2003, 07,07,00
988, 2003, 07,06,00, 2003, 07,12,00
989, 2003, 07,11,00, 2003, 07,17,00
990, 2003, 07,16,00, 2003, 07,22,00
991, 2003, 07,21,00, 2003, 07,27,00
992, 2003, 07,26,00, 2003, 08,01,00
993, 2003, 07,31,00, 2003, 08,06,00
994, 2003, 08,05,00, 2003, 08,11,00
995, 2003, 08,10,00, 2003, 08,16,00
996, 2003, 08,15,00, 2003, 08,21,00
997, 2003, 08,20,00, 2003, 08,26,00
998, 2003, 08,25,00, 2003, 08,31,00
999, 2003, 08,30,00, 2003, 09,05,00
1000, 2003, 09,04,00, 2003, 09,10,00
1001, 2003, 09,09,00, 2003, 09,15,00
1002, 2003, 09,14,00, 2003, 09,20,00
1003, 2003, 09,19,00, 2003, 09,25,00
1004, 2003, 09,24,00, 2003, 09,30,00
1005, 2003, 09,29,00, 2003, 10,05,00
1006, 2003, 10,04,00, 2003, 10,10,00
1007, 2003, 10,09,00, 2003, 10,15,00
1008, 2003, 10,14,00, 2003, 10,20,00
1009, 2003, 10,19,00, 2003, 10,25,00
1010, 2003, 10,24,00, 2003, 10,30,00
1011, 2003, 10,29,00, 2003, 11,04,00
1012, 2003, 11,03,00, 2003, 11,09,00
1013, 2003, 11,08,00, 2003, 11,14,00
1014, 2003, 11,13,00, 2003, 11,19,00
1015, 2003, 11,18,00, 2003, 11,24,00
1016, 2003, 11,23,00, 2003, 11,29,00
1017, 2003, 11,28,00, 2003, 12,04,00
1018, 2003, 12,03,00, 2003, 12,09,00
1019, 2003, 12,08,00, 2003, 12,14,00
1020, 2003, 12,13,00, 2003, 12,19,00
1021, 2003, 12,18,00, 2003, 12,24,00
1022, 2003, 12,23,00, 2003, 12,29,00
1023, 2003, 12,28,00, 2004, 01,03,00
1024, 2004, 01,02,00, 2004, 01,08,00
1025, 2004, 01,07,00, 2004, 01,13,00
1026, 2004, 01,12,00, 2004, 01,18,00
1027, 2004, 01,17,00, 2004, 01,23,00
1028, 2004, 01,22,00, 2004, 01,28,00
1029, 2004, 01,27,00, 2004, 02,02,00
1030, 2004, 02,01,00, 2004, 02,07,00
1031, 2004, 02,06,00, 2004, 02,12,00
1032, 2004, 02,11,00, 2004, 02,17,00
1033, 2004, 02,16,00, 2004, 02,22,00
1034, 2004, 02,21,00, 2004, 02,27,00
1035, 2004, 02,26,00, 2004, 03,03,00
1036, 2004, 03,02,00, 2004, 03,08,00
1037, 2004, 03,07,00, 2004, 03,13,00
1038, 2004, 03,12,00, 2004, 03,18,00
1039, 2004, 03,17,00, 2004, 03,23,00
1040, 2004, 03,22,00, 2004, 03,28,00
1041, 2004, 03,27,00, 2004, 04,02,00
1042, 2004, 04,01,00, 2004, 04,07,00
1043, 2004, 04,06,00, 2004, 04,12,00
1044, 2004, 04,11,00, 2004, 04,17,00
1045, 2004, 04,16,00, 2004, 04,22,00
1046, 2004, 04,21,00, 2004, 04,27,00
1047, 2004, 04,26,00, 2004, 05,02,00
1048, 2004, 05,01,00, 2004, 05,07,00
1049, 2004, 05,06,00, 2004, 05,12,00
1050, 2004, 05,11,00, 2004, 05,17,00
1051, 2004, 05,16,00, 2004, 05,22,00
1052, 2004, 05,21,00, 2004, 05,27,00
1053, 2004, 05,26,00, 2004, 06,01,00
1054, 2004, 05,31,00, 2004, 06,06,00
1055, 2004, 06,05,00, 2004, 06,11,00
1056, 2004, 06,10,00, 2004, 06,16,00
1057, 2004, 06,15,00, 2004, 06,21,00
1058, 2004, 06,20,00, 2004, 06,26,00
1059, 2004, 06,25,00, 2004, 07,01,00
1060, 2004, 06,30,00, 2004, 07,06,00
1061, 2004, 07,05,00, 2004, 07,11,00
1062, 2004, 07,10,00, 2004, 07,16,00
1063, 2004, 07,15,00, 2004, 07,21,00
1064, 2004, 07,20,00, 2004, 07,26,00
1065, 2004, 07,25,00, 2004, 07,31,00
1066, 2004, 07,30,00, 2004, 08,05,00
1067, 2004, 08,04,00, 2004, 08,10,00
1068, 2004, 08,09,00, 2004, 08,15,00
1069, 2004, 08,14,00, 2004, 08,20,00
1070, 2004, 08,19,00, 2004, 08,25,00
1071, 2004, 08,24,00, 2004, 08,30,00
1072, 2004, 08,29,00, 2004, 09,04,00
1073, 2004, 09,03,00, 2004, 09,09,00
1074, 2004, 09,08,00, 2004, 09,14,00
1075, 2004, 09,13,00, 2004, 09,19,00
1076, 2004, 09,18,00, 2004, 09,24,00
1077, 2004, 09,23,00, 2004, 09,29,00
1078, 2004, 09,28,00, 2004, 10,04,00
1079, 2004, 10,03,00, 2004, 10,09,00
1080, 2004, 10,08,00, 2004, 10,14,00
1081, 2004, 10,13,00, 2004, 10,19,00
1082, 2004, 10,18,00, 2004, 10,24,00
1083, 2004, 10,23,00, 2004, 10,29,00
1084, 2004, 10,28,00, 2004, 11,03,00
1085, 2004, 11,02,00, 2004, 11,08,00
1086, 2004, 11,07,00, 2004, 11,13,00
1087, 2004, 11,12,00, 2004, 11,18,00
1088, 2004, 11,17,00, 2004, 11,23,00
1089, 2004, 11,22,00, 2004, 11,28,00
1090, 2004, 11,27,00, 2004, 12,03,00
1091, 2004, 12,02,00, 2004, 12,08,00
1092, 2004, 12,07,00, 2004, 12,13,00
1093, 2004, 12,12,00, 2004, 12,18,00
1094, 2004, 12,17,00, 2004, 12,23,00
1095, 2004, 12,22,00, 2004, 12,28,00
1096, 2004, 12,27,00, 2005, 01,02,00
1097, 2005, 01,01,00, 2005, 01,07,00
1098, 2005, 01,06,00, 2005, 01,12,00
1099, 2005, 01,11,00, 2005, 01,17,00
1100, 2005, 01,16,00, 2005, 01,22,00
1101, 2005, 01,21,00, 2005, 01,27,00
1102, 2005, 01,26,00, 2005, 02,01,00
1103, 2005, 01,31,00, 2005, 02,06,00
1104, 2005, 02,05,00, 2005, 02,11,00
1105, 2005, 02,10,00, 2005, 02,16,00
1106, 2005, 02,15,00, 2005, 02,21,00
1107, 2005, 02,20,00, 2005, 02,26,00
1108, 2005, 02,25,00, 2005, 03,03,00
1109, 2005, 03,02,00, 2005, 03,08,00
1110, 2005, 03,07,00, 2005, 03,13,00
1111, 2005, 03,12,00, 2005, 03,18,00
1112, 2005, 03,17,00, 2005, 03,23,00
1113, 2005, 03,22,00, 2005, 03,28,00
1114, 2005, 03,27,00, 2005, 04,02,00
1115, 2005, 04,01,00, 2005, 04,07,00
1116, 2005, 04,06,00, 2005, 04,12,00
1117, 2005, 04,11,00, 2005, 04,17,00
1118, 2005, 04,16,00, 2005, 04,22,00
1119, 2005, 04,21,00, 2005, 04,27,00
1120, 2005, 04,26,00, 2005, 05,02,00
1121, 2005, 05,01,00, 2005, 05,07,00
1122, 2005, 05,06,00, 2005, 05,12,00
1123, 2005, 05,11,00, 2005, 05,17,00
1124, 2005, 05,16,00, 2005, 05,22,00
1125, 2005, 05,21,00, 2005, 05,27,00
1126, 2005, 05,26,00, 2005, 06,01,00
1127, 2005, 05,31,00, 2005, 06,06,00
1128, 2005, 06,05,00, 2005, 06,11,00
1129, 2005, 06,10,00, 2005, 06,16,00
1130, 2005, 06,15,00, 2005, 06,21,00
1131, 2005, 06,20,00, 2005, 06,26,00
1132, 2005, 06,25,00, 2005, 07,01,00
1133, 2005, 06,30,00, 2005, 07,06,00
1134, 2005, 07,05,00, 2005, 07,11,00
1135, 2005, 07,10,00, 2005, 07,16,00
1136, 2005, 07,15,00, 2005, 07,21,00
1137, 2005, 07,20,00, 2005, 07,26,00
1138, 2005, 07,25,00, 2005, 07,31,00
1139, 2005, 07,30,00, 2005, 08,05,00
1140, 2005, 08,04,00, 2005, 08,10,00
1141, 2005, 08,09,00, 2005, 08,15,00
1142, 2005, 08,14,00, 2005, 08,20,00
1143, 2005, 08,19,00, 2005, 08,25,00
1144, 2005, 08,24,00, 2005, 08,30,00
1145, 2005, 08,29,00, 2005, 09,04,00
1146, 2005, 09,03,00, 2005, 09,09,00
1147, 2005, 09,08,00, 2005, 09,14,00
1148, 2005, 09,13,00, 2005, 09,19,00
1149, 2005, 09,18,00, 2005, 09,24,00
1150, 2005, 09,23,00, 2005, 09,29,00
1151, 2005, 09,28,00, 2005, 10,04,00
1152, 2005, 10,03,00, 2005, 10,09,00
1153, 2005, 10,08,00, 2005, 10,14,00
1154, 2005, 10,13,00, 2005, 10,19,00
1155, 2005, 10,18,00, 2005, 10,24,00
1156, 2005, 10,23,00, 2005, 10,29,00
1157, 2005, 10,28,00, 2005, 11,03,00
1158, 2005, 11,02,00, 2005, 11,08,00
1159, 2005, 11,07,00, 2005, 11,13,00
1160, 2005, 11,12,00, 2005, 11,18,00
1161, 2005, 11,17,00, 2005, 11,23,00
1162, 2005, 11,22,00, 2005, 11,28,00
1163, 2005, 11,27,00, 2005, 12,03,00
1164, 2005, 12,02,00, 2005, 12,08,00
1165, 2005, 12,07,00, 2005, 12,13,00
1166, 2005, 12,12,00, 2005, 12,18,00
1167, 2005, 12,17,00, 2005, 12,23,00
1168, 2005, 12,22,00, 2005, 12,28,00
1169, 2005, 12,27,00, 2006, 01,02,00
1170, 2006, 01,01,00, 2006, 01,07,00
1171, 2006, 01,06,00, 2006, 01,12,00
1172, 2006, 01,11,00, 2006, 01,17,00
1173, 2006, 01,16,00, 2006, 01,22,00
1174, 2006, 01,21,00, 2006, 01,27,00
1175, 2006, 01,26,00, 2006, 02,01,00
1176, 2006, 01,31,00, 2006, 02,06,00
1177, 2006, 02,05,00, 2006, 02,11,00
1178, 2006, 02,10,00, 2006, 02,16,00
1179, 2006, 02,15,00, 2006, 02,21,00
1180, 2006, 02,20,00, 2006, 02,26,00
1181, 2006, 02,25,00, 2006, 03,03,00
1182, 2006, 03,02,00, 2006, 03,08,00
1183, 2006, 03,07,00, 2006, 03,13,00
1184, 2006, 03,12,00, 2006, 03,18,00
1185, 2006, 03,17,00, 2006, 03,23,00
1186, 2006, 03,22,00, 2006, 03,28,00
1187, 2006, 03,27,00, 2006, 04,02,00
1188, 2006, 04,01,00, 2006, 04,07,00
1189, 2006, 04,06,00, 2006, 04,12,00
1190, 2006, 04,11,00, 2006, 04,17,00
1191, 2006, 04,16,00, 2006, 04,22,00
1192, 2006, 04,21,00, 2006, 04,27,00
1193, 2006, 04,26,00, 2006, 05,02,00
1194, 2006, 05,01,00, 2006, 05,07,00
1195, 2006, 05,06,00, 2006, 05,12,00
1196, 2006, 05,11,00, 2006, 05,17,00
1197, 2006, 05,16,00, 2006, 05,22,00
1198, 2006, 05,21,00, 2006, 05,27,00
1199, 2006, 05,26,00, 2006, 06,01,00
1200, 2006, 05,31,00, 2006, 06,06,00
1201, 2006, 06,05,00, 2006, 06,11,00
1202, 2006, 06,10,00, 2006, 06,16,00
1203, 2006, 06,15,00, 2006, 06,21,00
1204, 2006, 06,20,00, 2006, 06,26,00
1205, 2006, 06,25,00, 2006, 07,01,00
1206, 2006, 06,30,00, 2006, 07,06,00
1207, 2006, 07,05,00, 2006, 07,11,00
1208, 2006, 07,10,00, 2006, 07,16,00
1209, 2006, 07,15,00, 2006, 07,21,00
1210, 2006, 07,20,00, 2006, 07,26,00
1211, 2006, 07,25,00, 2006, 07,31,00
1212, 2006, 07,30,00, 2006, 08,05,00
1213, 2006, 08,04,00, 2006, 08,10,00
1214, 2006, 08,09,00, 2006, 08,15,00
1215, 2006, 08,14,00, 2006, 08,20,00
1216, 2006, 08,19,00, 2006, 08,25,00
1217, 2006, 08,24,00, 2006, 08,30,00
1218, 2006, 08,29,00, 2006, 09,04,00
1219, 2006, 09,03,00, 2006, 09,09,00
1220, 2006, 09,08,00, 2006, 09,14,00
1221, 2006, 09,13,00, 2006, 09,19,00
1222, 2006, 09,18,00, 2006, 09,24,00
1223, 2006, 09,23,00, 2006, 09,29,00
1224, 2006, 09,28,00, 2006, 10,04,00
1225, 2006, 10,03,00, 2006, 10,09,00
1226, 2006, 10,08,00, 2006, 10,14,00
1227, 2006, 10,13,00, 2006, 10,19,00
1228, 2006, 10,18,00, 2006, 10,24,00
1229, 2006, 10,23,00, 2006, 10,29,00
1230, 2006, 10,28,00, 2006, 11,03,00
1231, 2006, 11,02,00, 2006, 11,08,00
1232, 2006, 11,07,00, 2006, 11,13,00
1233, 2006, 11,12,00, 2006, 11,18,00
1234, 2006, 11,17,00, 2006, 11,23,00
1235, 2006, 11,22,00, 2006, 11,28,00
1236, 2006, 11,27,00, 2006, 12,03,00
1237, 2006, 12,02,00, 2006, 12,08,00
1238, 2006, 12,07,00, 2006, 12,13,00
1239, 2006, 12,12,00, 2006, 12,18,00
1240, 2006, 12,17,00, 2006, 12,23,00
1241, 2006, 12,22,00, 2006, 12,28,00
1242, 2006, 12,27,00, 2007, 01,02,00
1243, 2007, 01,01,00, 2007, 01,07,00
1244, 2007, 01,06,00, 2007, 01,12,00
1245, 2007, 01,11,00, 2007, 01,17,00
1246, 2007, 01,16,00, 2007, 01,22,00
1247, 2007, 01,21,00, 2007, 01,27,00
1248, 2007, 01,26,00, 2007, 02,01,00
1249, 2007, 01,31,00, 2007, 02,06,00
1250, 2007, 02,05,00, 2007, 02,11,00
1251, 2007, 02,10,00, 2007, 02,16,00
1252, 2007, 02,15,00, 2007, 02,21,00
1253, 2007, 02,20,00, 2007, 02,26,00
1254, 2007, 02,25,00, 2007, 03,03,00
1255, 2007, 03,02,00, 2007, 03,08,00
1256, 2007, 03,07,00, 2007, 03,13,00
1257, 2007, 03,12,00, 2007, 03,18,00
1258, 2007, 03,17,00, 2007, 03,23,00
1259, 2007, 03,22,00, 2007, 03,28,00
1260, 2007, 03,27,00, 2007, 04,02,00
1261, 2007, 04,01,00, 2007, 04,07,00
1262, 2007, 04,06,00, 2007, 04,12,00
1263, 2007, 04,11,00, 2007, 04,17,00
1264, 2007, 04,16,00, 2007, 04,22,00
1265, 2007, 04,21,00, 2007, 04,27,00
1266, 2007, 04,26,00, 2007, 05,02,00
1267, 2007, 05,01,00, 2007, 05,07,00
1268, 2007, 05,06,00, 2007, 05,12,00
1269, 2007, 05,11,00, 2007, 05,17,00
1270, 2007, 05,16,00, 2007, 05,22,00
1271, 2007, 05,21,00, 2007, 05,27,00
1272, 2007, 05,26,00, 2007, 06,01,00
1273, 2007, 05,31,00, 2007, 06,06,00
1274, 2007, 06,05,00, 2007, 06,11,00
1275, 2007, 06,10,00, 2007, 06,16,00
1276, 2007, 06,15,00, 2007, 06,21,00
1277, 2007, 06,20,00, 2007, 06,26,00
1278, 2007, 06,25,00, 2007, 07,01,00
1279, 2007, 06,30,00, 2007, 07,06,00
1280, 2007, 07,05,00, 2007, 07,11,00
1281, 2007, 07,10,00, 2007, 07,16,00
1282, 2007, 07,15,00, 2007, 07,21,00
1283, 2007, 07,20,00, 2007, 07,26,00
1284, 2007, 07,25,00, 2007, 07,31,00
1285, 2007, 07,30,00, 2007, 08,05,00
1286, 2007, 08,04,00, 2007, 08,10,00
1287, 2007, 08,09,00, 2007, 08,15,00
1288, 2007, 08,14,00, 2007, 08,20,00
1289, 2007, 08,19,00, 2007, 08,25,00
1290, 2007, 08,24,00, 2007, 08,30,00
1291, 2007, 08,29,00, 2007, 09,04,00
1292, 2007, 09,03,00, 2007, 09,09,00
1293, 2007, 09,08,00, 2007, 09,14,00
1294, 2007, 09,13,00, 2007, 09,19,00
1295, 2007, 09,18,00, 2007, 09,24,00
1296, 2007, 09,23,00, 2007, 09,29,00
1297, 2007, 09,28,00, 2007, 10,04,00
1298, 2007, 10,03,00, 2007, 10,09,00
1299, 2007, 10,08,00, 2007, 10,14,00
1300, 2007, 10,13,00, 2007, 10,19,00
1301, 2007, 10,18,00, 2007, 10,24,00
1302, 2007, 10,23,00, 2007, 10,29,00
1303, 2007, 10,28,00, 2007, 11,03,00
1304, 2007, 11,02,00, 2007, 11,08,00
1305, 2007, 11,07,00, 2007, 11,13,00
1306, 2007, 11,12,00, 2007, 11,18,00
1307, 2007, 11,17,00, 2007, 11,23,00
1308, 2007, 11,22,00, 2007, 11,28,00
1309, 2007, 11,27,00, 2007, 12,03,00
1310, 2007, 12,02,00, 2007, 12,08,00
1311, 2007, 12,07,00, 2007, 12,13,00
1312, 2007, 12,12,00, 2007, 12,18,00
1313, 2007, 12,17,00, 2007, 12,23,00
1314, 2007, 12,22,00, 2007, 12,28,00
1315, 2007, 12,27,00, 2008, 01,02,00
1316, 2008, 01,01,00, 2008, 01,07,00
1317, 2008, 01,06,00, 2008, 01,12,00
1318, 2008, 01,11,00, 2008, 01,17,00
1319, 2008, 01,16,00, 2008, 01,22,00
1320, 2008, 01,21,00, 2008, 01,27,00
1321, 2008, 01,26,00, 2008, 02,01,00
1322, 2008, 01,31,00, 2008, 02,06,00
1323, 2008, 02,05,00, 2008, 02,11,00
1324, 2008, 02,10,00, 2008, 02,16,00
1325, 2008, 02,15,00, 2008, 02,21,00
1326, 2008, 02,20,00, 2008, 02,26,00
1327, 2008, 02,25,00, 2008, 03,02,00
1328, 2008, 03,01,00, 2008, 03,07,00
1329, 2008, 03,06,00, 2008, 03,12,00
1330, 2008, 03,11,00, 2008, 03,17,00
1331, 2008, 03,16,00, 2008, 03,22,00
1332, 2008, 03,21,00, 2008, 03,27,00
1333, 2008, 03,26,00, 2008, 04,01,00
1334, 2008, 03,31,00, 2008, 04,06,00
1335, 2008, 04,05,00, 2008, 04,11,00
1336, 2008, 04,10,00, 2008, 04,16,00
1337, 2008, 04,15,00, 2008, 04,21,00
1338, 2008, 04,20,00, 2008, 04,26,00
1339, 2008, 04,25,00, 2008, 05,01,00
1340, 2008, 04,30,00, 2008, 05,06,00
1341, 2008, 05,05,00, 2008, 05,11,00
1342, 2008, 05,10,00, 2008, 05,16,00
1343, 2008, 05,15,00, 2008, 05,21,00
1344, 2008, 05,20,00, 2008, 05,26,00
1345, 2008, 05,25,00, 2008, 05,31,00
1346, 2008, 05,30,00, 2008, 06,05,00
1347, 2008, 06,04,00, 2008, 06,10,00
1348, 2008, 06,09,00, 2008, 06,15,00
1349, 2008, 06,14,00, 2008, 06,20,00
1350, 2008, 06,19,00, 2008, 06,25,00
1351, 2008, 06,24,00, 2008, 06,30,00
1352, 2008, 06,29,00, 2008, 07,05,00
1353, 2008, 07,04,00, 2008, 07,10,00
1354, 2008, 07,09,00, 2008, 07,15,00
1355, 2008, 07,14,00, 2008, 07,20,00
1356, 2008, 07,19,00, 2008, 07,25,00
1357, 2008, 07,24,00, 2008, 07,30,00
1358, 2008, 07,29,00, 2008, 08,04,00
1359, 2008, 08,03,00, 2008, 08,09,00
1360, 2008, 08,08,00, 2008, 08,14,00
1361, 2008, 08,13,00, 2008, 08,19,00
1362, 2008, 08,18,00, 2008, 08,24,00
1363, 2008, 08,23,00, 2008, 08,29,00
1364, 2008, 08,28,00, 2008, 09,03,00
1365, 2008, 09,02,00, 2008, 09,08,00
1366, 2008, 09,07,00, 2008, 09,13,00
1367, 2008, 09,12,00, 2008, 09,18,00
1368, 2008, 09,17,00, 2008, 09,23,00
1369, 2008, 09,22,00, 2008, 09,28,00
1370, 2008, 09,27,00, 2008, 10,03,00
1371, 2008, 10,02,00, 2008, 10,08,00
1372, 2008, 10,07,00, 2008, 10,13,00
1373, 2008, 10,12,00, 2008, 10,18,00
1374, 2008, 10,17,00, 2008, 10,23,00
1375, 2008, 10,22,00, 2008, 10,28,00
1376, 2008, 10,27,00, 2008, 11,02,00
1377, 2008, 11,01,00, 2008, 11,07,00
1378, 2008, 11,06,00, 2008, 11,12,00
1379, 2008, 11,11,00, 2008, 11,17,00
1380, 2008, 11,16,00, 2008, 11,22,00
1381, 2008, 11,21,00, 2008, 11,27,00
1382, 2008, 11,26,00, 2008, 12,02,00
1383, 2008, 12,01,00, 2008, 12,07,00
1384, 2008, 12,06,00, 2008, 12,12,00
1385, 2008, 12,11,00, 2008, 12,17,00
1386, 2008, 12,16,00, 2008, 12,22,00
1387, 2008, 12,21,00, 2008, 12,27,00
1388, 2008, 12,26,00, 2009, 01,01,00
1389, 2008, 12,31,00, 2009, 01,06,00
1390, 2009, 01,05,00, 2009, 01,11,00
1391, 2009, 01,10,00, 2009, 01,16,00
1392, 2009, 01,15,00, 2009, 01,21,00
1393, 2009, 01,20,00, 2009, 01,26,00
1394, 2009, 01,25,00, 2009, 01,31,00
1395, 2009, 01,30,00, 2009, 02,05,00
1396, 2009, 02,04,00, 2009, 02,10,00
1397, 2009, 02,09,00, 2009, 02,15,00
1398, 2009, 02,14,00, 2009, 02,20,00
1399, 2009, 02,19,00, 2009, 02,25,00
1400, 2009, 02,24,00, 2009, 03,02,00
1401, 2009, 03,01,00, 2009, 03,07,00
1402, 2009, 03,06,00, 2009, 03,12,00
1403, 2009, 03,11,00, 2009, 03,17,00
1404, 2009, 03,16,00, 2009, 03,22,00
1405, 2009, 03,21,00, 2009, 03,27,00
1406, 2009, 03,26,00, 2009, 04,01,00
1407, 2009, 03,31,00, 2009, 04,06,00
1408, 2009, 04,05,00, 2009, 04,11,00
1409, 2009, 04,10,00, 2009, 04,16,00
1410, 2009, 04,15,00, 2009, 04,21,00
1411, 2009, 04,20,00, 2009, 04,26,00
1412, 2009, 04,25,00, 2009, 05,01,00
1413, 2009, 04,30,00, 2009, 05,06,00
1414, 2009, 05,05,00, 2009, 05,11,00
1415, 2009, 05,10,00, 2009, 05,16,00
1416, 2009, 05,15,00, 2009, 05,21,00
1417, 2009, 05,20,00, 2009, 05,26,00
1418, 2009, 05,25,00, 2009, 05,31,00
1419, 2009, 05,30,00, 2009, 06,05,00
1420, 2009, 06,04,00, 2009, 06,10,00
1421, 2009, 06,09,00, 2009, 06,15,00
1422, 2009, 06,14,00, 2009, 06,20,00
1423, 2009, 06,19,00, 2009, 06,25,00
1424, 2009, 06,24,00, 2009, 06,30,00
1425, 2009, 06,29,00, 2009, 07,05,00
1426, 2009, 07,04,00, 2009, 07,10,00
1427, 2009, 07,09,00, 2009, 07,15,00
1428, 2009, 07,14,00, 2009, 07,20,00
1429, 2009, 07,19,00, 2009, 07,25,00
1430, 2009, 07,24,00, 2009, 07,30,00
1431, 2009, 07,29,00, 2009, 08,04,00
1432, 2009, 08,03,00, 2009, 08,09,00
1433, 2009, 08,08,00, 2009, 08,14,00
1434, 2009, 08,13,00, 2009, 08,19,00
1435, 2009, 08,18,00, 2009, 08,24,00
1436, 2009, 08,23,00, 2009, 08,29,00
1437, 2009, 08,28,00, 2009, 09,03,00
1438, 2009, 09,02,00, 2009, 09,08,00
1439, 2009, 09,07,00, 2009, 09,13,00
1440, 2009, 09,12,00, 2009, 09,18,00
1441, 2009, 09,17,00, 2009, 09,23,00
1442, 2009, 09,22,00, 2009, 09,28,00
1443, 2009, 09,27,00, 2009, 10,03,00
1444, 2009, 10,02,00, 2009, 10,08,00
1445, 2009, 10,07,00, 2009, 10,13,00
1446, 2009, 10,12,00, 2009, 10,18,00
1447, 2009, 10,17,00, 2009, 10,23,00
1448, 2009, 10,22,00, 2009, 10,28,00
1449, 2009, 10,27,00, 2009, 11,02,00
1450, 2009, 11,01,00, 2009, 11,07,00
1451, 2009, 11,06,00, 2009, 11,12,00
1452, 2009, 11,11,00, 2009, 11,17,00
1453, 2009, 11,16,00, 2009, 11,22,00
1454, 2009, 11,21,00, 2009, 11,27,00
1455, 2009, 11,26,00, 2009, 12,02,00
1456, 2009, 12,01,00, 2009, 12,07,00
1457, 2009, 12,06,00, 2009, 12,12,00
1458, 2009, 12,11,00, 2009, 12,17,00
1459, 2009, 12,16,00, 2009, 12,22,00
1460, 2009, 12,21,00, 2009, 12,27,00
1461, 2009, 12,26,00, 2010, 01,01,00
1462, 2009, 12,31,00, 2010, 01,06,00
1463, 2010, 01,05,00, 2010, 01,11,00
1464, 2010, 01,10,00, 2010, 01,16,00
1465, 2010, 01,15,00, 2010, 01,21,00
1466, 2010, 01,20,00, 2010, 01,26,00
1467, 2010, 01,25,00, 2010, 01,31,00
1468, 2010, 01,30,00, 2010, 02,05,00
1469, 2010, 02,04,00, 2010, 02,10,00
1470, 2010, 02,09,00, 2010, 02,15,00
1471, 2010, 02,14,00, 2010, 02,20,00
1472, 2010, 02,19,00, 2010, 02,25,00
1473, 2010, 02,24,00, 2010, 03,02,00
1474, 2010, 03,01,00, 2010, 03,07,00
1475, 2010, 03,06,00, 2010, 03,12,00
1476, 2010, 03,11,00, 2010, 03,17,00
1477, 2010, 03,16,00, 2010, 03,22,00
1478, 2010, 03,21,00, 2010, 03,27,00
1479, 2010, 03,26,00, 2010, 04,01,00
1480, 2010, 03,31,00, 2010, 04,06,00
1481, 2010, 04,05,00, 2010, 04,11,00
1482, 2010, 04,10,00, 2010, 04,16,00
1483, 2010, 04,15,00, 2010, 04,21,00
1484, 2010, 04,20,00, 2010, 04,26,00
1485, 2010, 04,25,00, 2010, 05,01,00
1486, 2010, 04,30,00, 2010, 05,06,00
1487, 2010, 05,05,00, 2010, 05,11,00
1488, 2010, 05,10,00, 2010, 05,16,00
1489, 2010, 05,15,00, 2010, 05,21,00
1490, 2010, 05,20,00, 2010, 05,26,00
1491, 2010, 05,25,00, 2010, 05,31,00
1492, 2010, 05,30,00, 2010, 06,05,00
1493, 2010, 06,04,00, 2010, 06,10,00
1494, 2010, 06,09,00, 2010, 06,15,00
1495, 2010, 06,14,00, 2010, 06,20,00
1496, 2010, 06,19,00, 2010, 06,25,00
1497, 2010, 06,24,00, 2010, 06,30,00
1498, 2010, 06,29,00, 2010, 07,05,00
1499, 2010, 07,04,00, 2010, 07,10,00
1500, 2010, 07,09,00, 2010, 07,15,00
1501, 2010, 07,14,00, 2010, 07,20,00
1502, 2010, 07,19,00, 2010, 07,25,00
1503, 2010, 07,24,00, 2010, 07,30,00
1504, 2010, 07,29,00, 2010, 08,04,00
1505, 2010, 08,03,00, 2010, 08,09,00
1506, 2010, 08,08,00, 2010, 08,14,00
1507, 2010, 08,13,00, 2010, 08,19,00
1508, 2010, 08,18,00, 2010, 08,24,00
1509, 2010, 08,23,00, 2010, 08,29,00
1510, 2010, 08,28,00, 2010, 09,03,00
1511, 2010, 09,02,00, 2010, 09,08,00
1512, 2010, 09,07,00, 2010, 09,13,00
1513, 2010, 09,12,00, 2010, 09,18,00
1514, 2010, 09,17,00, 2010, 09,23,00
1515, 2010, 09,22,00, 2010, 09,28,00
1516, 2010, 09,27,00, 2010, 10,03,00
1517, 2010, 10,02,00, 2010, 10,08,00
1518, 2010, 10,07,00, 2010, 10,13,00
1519, 2010, 10,12,00, 2010, 10,18,00
1520, 2010, 10,17,00, 2010, 10,23,00
1521, 2010, 10,22,00, 2010, 10,28,00
1522, 2010, 10,27,00, 2010, 11,02,00
1523, 2010, 11,01,00, 2010, 11,07,00
1524, 2010, 11,06,00, 2010, 11,12,00
1525, 2010, 11,11,00, 2010, 11,17,00
1526, 2010, 11,16,00, 2010, 11,22,00
1527, 2010, 11,21,00, 2010, 11,27,00
1528, 2010, 11,26,00, 2010, 12,02,00
1529, 2010, 12,01,00, 2010, 12,07,00
1530, 2010, 12,06,00, 2010, 12,12,00
1531, 2010, 12,11,00, 2010, 12,17,00
1532, 2010, 12,16,00, 2010, 12,22,00
1533, 2010, 12,21,00, 2010, 12,27,00
1534, 2010, 12,26,00, 2011, 01,01,00
1535, 2010, 12,31,00, 2011, 01,06,00
1536, 2011, 01,05,00, 2011, 01,11,00
1537, 2011, 01,10,00, 2011, 01,16,00
1538, 2011, 01,15,00, 2011, 01,21,00
1539, 2011, 01,20,00, 2011, 01,26,00
1540, 2011, 01,25,00, 2011, 01,31,00
1541, 2011, 01,30,00, 2011, 02,05,00
1542, 2011, 02,04,00, 2011, 02,10,00
1543, 2011, 02,09,00, 2011, 02,15,00
1544, 2011, 02,14,00, 2011, 02,20,00
1545, 2011, 02,19,00, 2011, 02,25,00
1546, 2011, 02,24,00, 2011, 03,02,00
1547, 2011, 03,01,00, 2011, 03,07,00
1548, 2011, 03,06,00, 2011, 03,12,00
1549, 2011, 03,11,00, 2011, 03,17,00
1550, 2011, 03,16,00, 2011, 03,22,00
1551, 2011, 03,21,00, 2011, 03,27,00
1552, 2011, 03,26,00, 2011, 04,01,00
1553, 2011, 03,31,00, 2011, 04,06,00
1554, 2011, 04,05,00, 2011, 04,11,00
1555, 2011, 04,10,00, 2011, 04,16,00
1556, 2011, 04,15,00, 2011, 04,21,00
1557, 2011, 04,20,00, 2011, 04,26,00
1558, 2011, 04,25,00, 2011, 05,01,00
1559, 2011, 04,30,00, 2011, 05,06,00
1560, 2011, 05,05,00, 2011, 05,11,00
1561, 2011, 05,10,00, 2011, 05,16,00
1562, 2011, 05,15,00, 2011, 05,21,00
1563, 2011, 05,20,00, 2011, 05,26,00
1564, 2011, 05,25,00, 2011, 05,31,00
1565, 2011, 05,30,00, 2011, 06,05,00
1566, 2011, 06,04,00, 2011, 06,10,00
1567, 2011, 06,09,00, 2011, 06,15,00
1568, 2011, 06,14,00, 2011, 06,20,00
1569, 2011, 06,19,00, 2011, 06,25,00
1570, 2011, 06,24,00, 2011, 06,30,00
1571, 2011, 06,29,00, 2011, 07,05,00
1572, 2011, 07,04,00, 2011, 07,10,00
1573, 2011, 07,09,00, 2011, 07,15,00
1574, 2011, 07,14,00, 2011, 07,20,00
1575, 2011, 07,19,00, 2011, 07,25,00
1576, 2011, 07,24,00, 2011, 07,30,00
1577, 2011, 07,29,00, 2011, 08,04,00
1578, 2011, 08,03,00, 2011, 08,09,00
1579, 2011, 08,08,00, 2011, 08,14,00
1580, 2011, 08,13,00, 2011, 08,19,00
1581, 2011, 08,18,00, 2011, 08,24,00
1582, 2011, 08,23,00, 2011, 08,29,00
1583, 2011, 08,28,00, 2011, 09,03,00
1584, 2011, 09,02,00, 2011, 09,08,00
1585, 2011, 09,07,00, 2011, 09,13,00
1586, 2011, 09,12,00, 2011, 09,18,00
1587, 2011, 09,17,00, 2011, 09,23,00
1588, 2011, 09,22,00, 2011, 09,28,00
1589, 2011, 09,27,00, 2011, 10,03,00
1590, 2011, 10,02,00, 2011, 10,08,00
1591, 2011, 10,07,00, 2011, 10,13,00
1592, 2011, 10,12,00, 2011, 10,18,00
1593, 2011, 10,17,00, 2011, 10,23,00
1594, 2011, 10,22,00, 2011, 10,28,00
1595, 2011, 10,27,00, 2011, 11,02,00
1596, 2011, 11,01,00, 2011, 11,07,00
1597, 2011, 11,06,00, 2011, 11,12,00
1598, 2011, 11,11,00, 2011, 11,17,00
1599, 2011, 11,16,00, 2011, 11,22,00
1600, 2011, 11,21,00, 2011, 11,27,00
1601, 2011, 11,26,00, 2011, 12,02,00
1602, 2011, 12,01,00, 2011, 12,07,00
1603, 2011, 12,06,00, 2011, 12,12,00
1604, 2011, 12,11,00, 2011, 12,17,00
1605, 2011, 12,16,00, 2011, 12,22,00
1606, 2011, 12,21,00, 2011, 12,27,00
1607, 2011, 12,26,00, 2012, 01,01,00
1608, 2011, 12,31,00, 2012, 01,06,00
1609, 2012, 01,05,00, 2012, 01,11,00
1610, 2012, 01,10,00, 2012, 01,16,00
1611, 2012, 01,15,00, 2012, 01,21,00
1612, 2012, 01,20,00, 2012, 01,26,00
1613, 2012, 01,25,00, 2012, 01,31,00
1614, 2012, 01,30,00, 2012, 02,05,00
1615, 2012, 02,04,00, 2012, 02,10,00
1616, 2012, 02,09,00, 2012, 02,15,00
1617, 2012, 02,14,00, 2012, 02,20,00
1618, 2012, 02,19,00, 2012, 02,25,00
1619, 2012, 02,24,00, 2012, 03,01,00
1620, 2012, 02,29,00, 2012, 03,06,00
1621, 2012, 03,05,00, 2012, 03,11,00
1622, 2012, 03,10,00, 2012, 03,16,00
1623, 2012, 03,15,00, 2012, 03,21,00
1624, 2012, 03,20,00, 2012, 03,26,00
1625, 2012, 03,25,00, 2012, 03,31,00
1626, 2012, 03,30,00, 2012, 04,05,00
1627, 2012, 04,04,00, 2012, 04,10,00
1628, 2012, 04,09,00, 2012, 04,15,00
1629, 2012, 04,14,00, 2012, 04,20,00
1630, 2012, 04,19,00, 2012, 04,25,00
1631, 2012, 04,24,00, 2012, 04,30,00
1632, 2012, 04,29,00, 2012, 05,05,00
1633, 2012, 05,04,00, 2012, 05,10,00
1634, 2012, 05,09,00, 2012, 05,15,00
1635, 2012, 05,14,00, 2012, 05,20,00
1636, 2012, 05,19,00, 2012, 05,25,00
1637, 2012, 05,24,00, 2012, 05,30,00
1638, 2012, 05,29,00, 2012, 06,04,00
1639, 2012, 06,03,00, 2012, 06,09,00
1640, 2012, 06,08,00, 2012, 06,14,00
1641, 2012, 06,13,00, 2012, 06,19,00
1642, 2012, 06,18,00, 2012, 06,24,00
1643, 2012, 06,23,00, 2012, 06,29,00
1644, 2012, 06,28,00, 2012, 07,04,00
1645, 2012, 07,03,00, 2012, 07,09,00
1646, 2012, 07,08,00, 2012, 07,14,00
1647, 2012, 07,13,00, 2012, 07,19,00
1648, 2012, 07,18,00, 2012, 07,24,00
1649, 2012, 07,23,00, 2012, 07,29,00
1650, 2012, 07,28,00, 2012, 08,03,00
1651, 2012, 08,02,00, 2012, 08,08,00
1652, 2012, 08,07,00, 2012, 08,13,00
1653, 2012, 08,12,00, 2012, 08,18,00
1654, 2012, 08,17,00, 2012, 08,23,00
1655, 2012, 08,22,00, 2012, 08,28,00
1656, 2012, 08,27,00, 2012, 09,02,00
1657, 2012, 09,01,00, 2012, 09,07,00
1658, 2012, 09,06,00, 2012, 09,12,00
1659, 2012, 09,11,00, 2012, 09,17,00
1660, 2012, 09,16,00, 2012, 09,22,00
1661, 2012, 09,21,00, 2012, 09,27,00
1662, 2012, 09,26,00, 2012, 10,02,00
1663, 2012, 10,01,00, 2012, 10,07,00
1664, 2012, 10,06,00, 2012, 10,12,00
1665, 2012, 10,11,00, 2012, 10,17,00
1666, 2012, 10,16,00, 2012, 10,22,00
1667, 2012, 10,21,00, 2012, 10,27,00
1668, 2012, 10,26,00, 2012, 11,01,00
1669, 2012, 10,31,00, 2012, 11,06,00
1670, 2012, 11,05,00, 2012, 11,11,00
1671, 2012, 11,10,00, 2012, 11,16,00
1672, 2012, 11,15,00, 2012, 11,21,00
1673, 2012, 11,20,00, 2012, 11,26,00
1674, 2012, 11,25,00, 2012, 12,01,00
1675, 2012, 11,30,00, 2012, 12,06,00
1676, 2012, 12,05,00, 2012, 12,11,00
1677, 2012, 12,10,00, 2012, 12,16,00
1678, 2012, 12,15,00, 2012, 12,21,00
1679, 2012, 12,20,00, 2012, 12,26,00
1680, 2012, 12,25,00, 2012, 12,31,00
1681, 2012, 12,30,00, 2013, 01,05,00
1682, 2013, 01,04,00, 2013, 01,10,00
1683, 2013, 01,09,00, 2013, 01,15,00
1684, 2013, 01,14,00, 2013, 01,20,00
1685, 2013, 01,19,00, 2013, 01,25,00
1686, 2013, 01,24,00, 2013, 01,30,00
1687, 2013, 01,29,00, 2013, 02,04,00
1688, 2013, 02,03,00, 2013, 02,09,00
1689, 2013, 02,08,00, 2013, 02,14,00
1690, 2013, 02,13,00, 2013, 02,19,00
1691, 2013, 02,18,00, 2013, 02,24,00
1692, 2013, 02,23,00, 2013, 03,01,00
1693, 2013, 02,28,00, 2013, 03,06,00
1694, 2013, 03,05,00, 2013, 03,11,00
1695, 2013, 03,10,00, 2013, 03,16,00
1696, 2013, 03,15,00, 2013, 03,21,00
1697, 2013, 03,20,00, 2013, 03,26,00
1698, 2013, 03,25,00, 2013, 03,31,00
1699, 2013, 03,30,00, 2013, 04,05,00
1700, 2013, 04,04,00, 2013, 04,10,00
1701, 2013, 04,09,00, 2013, 04,15,00
1702, 2013, 04,14,00, 2013, 04,20,00
1703, 2013, 04,19,00, 2013, 04,25,00
1704, 2013, 04,24,00, 2013, 04,30,00
1705, 2013, 04,29,00, 2013, 05,05,00
1706, 2013, 05,04,00, 2013, 05,10,00
1707, 2013, 05,09,00, 2013, 05,15,00
1708, 2013, 05,14,00, 2013, 05,20,00
1709, 2013, 05,19,00, 2013, 05,25,00
1710, 2013, 05,24,00, 2013, 05,30,00
1711, 2013, 05,29,00, 2013, 06,04,00
1712, 2013, 06,03,00, 2013, 06,09,00
1713, 2013, 06,08,00, 2013, 06,14,00
1714, 2013, 06,13,00, 2013, 06,19,00
1715, 2013, 06,18,00, 2013, 06,24,00
1716, 2013, 06,23,00, 2013, 06,29,00
1717, 2013, 06,28,00, 2013, 07,04,00
1718, 2013, 07,03,00, 2013, 07,09,00
1719, 2013, 07,08,00, 2013, 07,14,00
1720, 2013, 07,13,00, 2013, 07,19,00
1721, 2013, 07,18,00, 2013, 07,24,00
1722, 2013, 07,23,00, 2013, 07,29,00
1723, 2013, 07,28,00, 2013, 08,03,00
1724, 2013, 08,02,00, 2013, 08,08,00
1725, 2013, 08,07,00, 2013, 08,13,00
1726, 2013, 08,12,00, 2013, 08,18,00
1727, 2013, 08,17,00, 2013, 08,23,00
1728, 2013, 08,22,00, 2013, 08,28,00
1729, 2013, 08,27,00, 2013, 09,02,00
1730, 2013, 09,01,00, 2013, 09,07,00
1731, 2013, 09,06,00, 2013, 09,12,00
1732, 2013, 09,11,00, 2013, 09,17,00
1733, 2013, 09,16,00, 2013, 09,22,00
1734, 2013, 09,21,00, 2013, 09,27,00
1735, 2013, 09,26,00, 2013, 10,02,00
1736, 2013, 10,01,00, 2013, 10,07,00
1737, 2013, 10,06,00, 2013, 10,12,00
1738, 2013, 10,11,00, 2013, 10,17,00
1739, 2013, 10,16,00, 2013, 10,22,00
1740, 2013, 10,21,00, 2013, 10,27,00
1741, 2013, 10,26,00, 2013, 11,01,00
1742, 2013, 10,31,00, 2013, 11,06,00
1743, 2013, 11,05,00, 2013, 11,11,00
1744, 2013, 11,10,00, 2013, 11,16,00
1745, 2013, 11,15,00, 2013, 11,21,00
1746, 2013, 11,20,00, 2013, 11,26,00
1747, 2013, 11,25,00, 2013, 12,01,00
1748, 2013, 11,30,00, 2013, 12,06,00
1749, 2013, 12,05,00, 2013, 12,11,00
1750, 2013, 12,10,00, 2013, 12,16,00
1751, 2013, 12,15,00, 2013, 12,21,00
1752, 2013, 12,20,00, 2013, 12,26,00
1753, 2013, 12,25,00, 2013, 12,31,00
1754, 2013, 12,30,00, 2014, 01,05,00
1755, 2014, 01,04,00, 2014, 01,10,00
1756, 2014, 01,09,00, 2014, 01,15,00
1757, 2014, 01,14,00, 2014, 01,20,00
1758, 2014, 01,19,00, 2014, 01,25,00
1759, 2014, 01,24,00, 2014, 01,30,00
1760, 2014, 01,29,00, 2014, 02,04,00
1761, 2014, 02,03,00, 2014, 02,09,00
1762, 2014, 02,08,00, 2014, 02,14,00
1763, 2014, 02,13,00, 2014, 02,19,00
1764, 2014, 02,18,00, 2014, 02,24,00
1765, 2014, 02,23,00, 2014, 03,01,00
1766, 2014, 02,28,00, 2014, 03,06,00
1767, 2014, 03,05,00, 2014, 03,11,00
1768, 2014, 03,10,00, 2014, 03,16,00
1769, 2014, 03,15,00, 2014, 03,21,00
1770, 2014, 03,20,00, 2014, 03,26,00
1771, 2014, 03,25,00, 2014, 03,31,00
1772, 2014, 03,30,00, 2014, 04,05,00
1773, 2014, 04,04,00, 2014, 04,10,00
1774, 2014, 04,09,00, 2014, 04,15,00
1775, 2014, 04,14,00, 2014, 04,20,00
1776, 2014, 04,19,00, 2014, 04,25,00
1777, 2014, 04,24,00, 2014, 04,30,00
1778, 2014, 04,29,00, 2014, 05,05,00
1779, 2014, 05,04,00, 2014, 05,10,00
1780, 2014, 05,09,00, 2014, 05,15,00
1781, 2014, 05,14,00, 2014, 05,20,00
1782, 2014, 05,19,00, 2014, 05,25,00
1783, 2014, 05,24,00, 2014, 05,30,00
1784, 2014, 05,29,00, 2014, 06,04,00
1785, 2014, 06,03,00, 2014, 06,09,00
1786, 2014, 06,08,00, 2014, 06,14,00
1787, 2014, 06,13,00, 2014, 06,19,00
1788, 2014, 06,18,00, 2014, 06,24,00
1789, 2014, 06,23,00, 2014, 06,29,00
1790, 2014, 06,28,00, 2014, 07,04,00
1791, 2014, 07,03,00, 2014, 07,09,00
1792, 2014, 07,08,00, 2014, 07,14,00
1793, 2014, 07,13,00, 2014, 07,19,00
1794, 2014, 07,18,00, 2014, 07,24,00
1795, 2014, 07,23,00, 2014, 07,29,00
1796, 2014, 07,28,00, 2014, 08,03,00
1797, 2014, 08,02,00, 2014, 08,08,00
1798, 2014, 08,07,00, 2014, 08,13,00
1799, 2014, 08,12,00, 2014, 08,18,00
1800, 2014, 08,17,00, 2014, 08,23,00
1801, 2014, 08,22,00, 2014, 08,28,00
1802, 2014, 08,27,00, 2014, 09,02,00
1803, 2014, 09,01,00, 2014, 09,07,00
1804, 2014, 09,06,00, 2014, 09,12,00
1805, 2014, 09,11,00, 2014, 09,17,00
1806, 2014, 09,16,00, 2014, 09,22,00
1807, 2014, 09,21,00, 2014, 09,27,00
1808, 2014, 09,26,00, 2014, 10,02,00
1809, 2014, 10,01,00, 2014, 10,07,00
1810, 2014, 10,06,00, 2014, 10,12,00
1811, 2014, 10,11,00, 2014, 10,17,00
1812, 2014, 10,16,00, 2014, 10,22,00
1813, 2014, 10,21,00, 2014, 10,27,00
1814, 2014, 10,26,00, 2014, 11,01,00
1815, 2014, 10,31,00, 2014, 11,06,00
1816, 2014, 11,05,00, 2014, 11,11,00
1817, 2014, 11,10,00, 2014, 11,16,00
1818, 2014, 11,15,00, 2014, 11,21,00
1819, 2014, 11,20,00, 2014, 11,26,00
1820, 2014, 11,25,00, 2014, 12,01,00
1821, 2014, 11,30,00, 2014, 12,06,00
1822, 2014, 12,05,00, 2014, 12,11,00
1823, 2014, 12,10,00, 2014, 12,16,00
1824, 2014, 12,15,00, 2014, 12,21,00
1825, 2014, 12,20,00, 2014, 12,26,00
1826, 2014, 12,25,00, 2014, 12,31,00
1827, 2014, 12,30,00, 2015, 01,05,00
1828, 2015, 01,04,00, 2015, 01,10,00
1829, 2015, 01,09,00, 2015, 01,15,00
1830, 2015, 01,14,00, 2015, 01,20,00
1831, 2015, 01,19,00, 2015, 01,25,00
1832, 2015, 01,24,00, 2015, 01,30,00
1833, 2015, 01,29,00, 2015, 02,04,00
1834, 2015, 02,03,00, 2015, 02,09,00
1835, 2015, 02,08,00, 2015, 02,14,00
1836, 2015, 02,13,00, 2015, 02,19,00
1837, 2015, 02,18,00, 2015, 02,24,00
1838, 2015, 02,23,00, 2015, 03,01,00
1839, 2015, 02,28,00, 2015, 03,06,00
1840, 2015, 03,05,00, 2015, 03,11,00
1841, 2015, 03,10,00, 2015, 03,16,00
1842, 2015, 03,15,00, 2015, 03,21,00
1843, 2015, 03,20,00, 2015, 03,26,00
1844, 2015, 03,25,00, 2015, 03,31,00
1845, 2015, 03,30,00, 2015, 04,05,00
1846, 2015, 04,04,00, 2015, 04,10,00
1847, 2015, 04,09,00, 2015, 04,15,00
1848, 2015, 04,14,00, 2015, 04,20,00
1849, 2015, 04,19,00, 2015, 04,25,00
1850, 2015, 04,24,00, 2015, 04,30,00
1851, 2015, 04,29,00, 2015, 05,05,00
1852, 2015, 05,04,00, 2015, 05,10,00
1853, 2015, 05,09,00, 2015, 05,15,00
1854, 2015, 05,14,00, 2015, 05,20,00
1855, 2015, 05,19,00, 2015, 05,25,00
1856, 2015, 05,24,00, 2015, 05,30,00
1857, 2015, 05,29,00, 2015, 06,04,00
1858, 2015, 06,03,00, 2015, 06,09,00
1859, 2015, 06,08,00, 2015, 06,14,00
1860, 2015, 06,13,00, 2015, 06,19,00
1861, 2015, 06,18,00, 2015, 06,24,00
1862, 2015, 06,23,00, 2015, 06,29,00
1863, 2015, 06,28,00, 2015, 07,04,00
1864, 2015, 07,03,00, 2015, 07,09,00
1865, 2015, 07,08,00, 2015, 07,14,00
1866, 2015, 07,13,00, 2015, 07,19,00
1867, 2015, 07,18,00, 2015, 07,24,00
1868, 2015, 07,23,00, 2015, 07,29,00
1869, 2015, 07,28,00, 2015, 08,03,00
1870, 2015, 08,02,00, 2015, 08,08,00
1871, 2015, 08,07,00, 2015, 08,13,00
1872, 2015, 08,12,00, 2015, 08,18,00
1873, 2015, 08,17,00, 2015, 08,23,00
1874, 2015, 08,22,00, 2015, 08,28,00
1875, 2015, 08,27,00, 2015, 09,02,00
1876, 2015, 09,01,00, 2015, 09,07,00
1877, 2015, 09,06,00, 2015, 09,12,00
1878, 2015, 09,11,00, 2015, 09,17,00
1879, 2015, 09,16,00, 2015, 09,22,00
1880, 2015, 09,21,00, 2015, 09,27,00
1881, 2015, 09,26,00, 2015, 10,02,00
1882, 2015, 10,01,00, 2015, 10,07,00
1883, 2015, 10,06,00, 2015, 10,12,00
1884, 2015, 10,11,00, 2015, 10,17,00
1885, 2015, 10,16,00, 2015, 10,22,00
1886, 2015, 10,21,00, 2015, 10,27,00
1887, 2015, 10,26,00, 2015, 11,01,00
1888, 2015, 10,31,00, 2015, 11,06,00
1889, 2015, 11,05,00, 2015, 11,11,00
1890, 2015, 11,10,00, 2015, 11,16,00
1891, 2015, 11,15,00, 2015, 11,21,00
1892, 2015, 11,20,00, 2015, 11,26,00
1893, 2015, 11,25,00, 2015, 12,01,00
1894, 2015, 11,30,00, 2015, 12,06,00
1895, 2015, 12,05,00, 2015, 12,11,00
1896, 2015, 12,10,00, 2015, 12,16,00
1897, 2015, 12,15,00, 2015, 12,21,00
1898, 2015, 12,20,00, 2015, 12,26,00
1899, 2015, 12,25,00, 2015, 12,31,00
1900, 2015, 12,30,00, 2016, 01,05,00
1901, 2016, 01,04,00, 2016, 01,10,00
1902, 2016, 01,09,00, 2016, 01,15,00
1903, 2016, 01,14,00, 2016, 01,20,00
1904, 2016, 01,19,00, 2016, 01,25,00
1905, 2016, 01,24,00, 2016, 01,30,00
1906, 2016, 01,29,00, 2016, 02,04,00
1907, 2016, 02,03,00, 2016, 02,09,00
1908, 2016, 02,08,00, 2016, 02,14,00
1909, 2016, 02,13,00, 2016, 02,19,00
1910, 2016, 02,18,00, 2016, 02,24,00
1911, 2016, 02,23,00, 2016, 02,29,00
1912, 2016, 02,28,00, 2016, 03,05,00
1913, 2016, 03,04,00, 2016, 03,10,00
1914, 2016, 03,09,00, 2016, 03,15,00
1915, 2016, 03,14,00, 2016, 03,20,00
1916, 2016, 03,19,00, 2016, 03,25,00
1917, 2016, 03,24,00, 2016, 03,30,00
1918, 2016, 03,29,00, 2016, 04,04,00
1919, 2016, 04,03,00, 2016, 04,09,00
1920, 2016, 04,08,00, 2016, 04,14,00
1921, 2016, 04,13,00, 2016, 04,19,00
1922, 2016, 04,18,00, 2016, 04,24,00
1923, 2016, 04,23,00, 2016, 04,29,00
1924, 2016, 04,28,00, 2016, 05,04,00
1925, 2016, 05,03,00, 2016, 05,09,00
1926, 2016, 05,08,00, 2016, 05,14,00
1927, 2016, 05,13,00, 2016, 05,19,00
1928, 2016, 05,18,00, 2016, 05,24,00
1929, 2016, 05,23,00, 2016, 05,29,00
1930, 2016, 05,28,00, 2016, 06,03,00
1931, 2016, 06,02,00, 2016, 06,08,00
1932, 2016, 06,07,00, 2016, 06,13,00
1933, 2016, 06,12,00, 2016, 06,18,00
1934, 2016, 06,17,00, 2016, 06,23,00
1935, 2016, 06,22,00, 2016, 06,28,00
1936, 2016, 06,27,00, 2016, 07,03,00
1937, 2016, 07,02,00, 2016, 07,08,00
1938, 2016, 07,07,00, 2016, 07,13,00
1939, 2016, 07,12,00, 2016, 07,18,00
1940, 2016, 07,17,00, 2016, 07,23,00
1941, 2016, 07,22,00, 2016, 07,28,00
1942, 2016, 07,27,00, 2016, 08,02,00
1943, 2016, 08,01,00, 2016, 08,07,00
1944, 2016, 08,06,00, 2016, 08,12,00
1945, 2016, 08,11,00, 2016, 08,17,00
1946, 2016, 08,16,00, 2016, 08,22,00
1947, 2016, 08,21,00, 2016, 08,27,00
1948, 2016, 08,26,00, 2016, 09,01,00
1949, 2016, 08,31,00, 2016, 09,06,00
1950, 2016, 09,05,00, 2016, 09,11,00
1951, 2016, 09,10,00, 2016, 09,16,00
1952, 2016, 09,15,00, 2016, 09,21,00
1953, 2016, 09,20,00, 2016, 09,26,00
1954, 2016, 09,25,00, 2016, 10,01,00
1955, 2016, 09,30,00, 2016, 10,06,00
1956, 2016, 10,05,00, 2016, 10,11,00
1957, 2016, 10,10,00, 2016, 10,16,00
1958, 2016, 10,15,00, 2016, 10,21,00
1959, 2016, 10,20,00, 2016, 10,26,00
1960, 2016, 10,25,00, 2016, 10,31,00
1961, 2016, 10,30,00, 2016, 11,05,00
1962, 2016, 11,04,00, 2016, 11,10,00
1963, 2016, 11,09,00, 2016, 11,15,00
1964, 2016, 11,14,00, 2016, 11,20,00
1965, 2016, 11,19,00, 2016, 11,25,00
1966, 2016, 11,24,00, 2016, 11,30,00
1967, 2016, 11,29,00, 2016, 12,05,00
1968, 2016, 12,04,00, 2016, 12,10,00
1969, 2016, 12,09,00, 2016, 12,15,00
1970, 2016, 12,14,00, 2016, 12,20,00
1971, 2016, 12,19,00, 2016, 12,25,00
1972, 2016, 12,24,00, 2016, 12,30,00
1973, 2016, 12,29,00, 2017, 01,04,00
1974, 2017, 01,03,00, 2017, 01,09,00
1975, 2017, 01,08,00, 2017, 01,14,00
1976, 2017, 01,13,00, 2017, 01,19,00
1977, 2017, 01,18,00, 2017, 01,24,00
1978, 2017, 01,23,00, 2017, 01,29,00
1979, 2017, 01,28,00, 2017, 02,03,00
1980, 2017, 02,02,00, 2017, 02,08,00
1981, 2017, 02,07,00, 2017, 02,13,00
1982, 2017, 02,12,00, 2017, 02,18,00
1983, 2017, 02,17,00, 2017, 02,23,00
1984, 2017, 02,22,00, 2017, 02,28,00
1985, 2017, 02,27,00, 2017, 03,05,00
1986, 2017, 03,04,00, 2017, 03,10,00
1987, 2017, 03,09,00, 2017, 03,15,00
1988, 2017, 03,14,00, 2017, 03,20,00
1989, 2017, 03,19,00, 2017, 03,25,00
1990, 2017, 03,24,00, 2017, 03,30,00
1991, 2017, 03,29,00, 2017, 04,04,00
1992, 2017, 04,03,00, 2017, 04,09,00
1993, 2017, 04,08,00, 2017, 04,14,00
1994, 2017, 04,13,00, 2017, 04,19,00
1995, 2017, 04,18,00, 2017, 04,24,00
1996, 2017, 04,23,00, 2017, 04,29,00
1997, 2017, 04,28,00, 2017, 05,04,00
1998, 2017, 05,03,00, 2017, 05,09,00
1999, 2017, 05,08,00, 2017, 05,14,00
2000, 2017, 05,13,00, 2017, 05,19,00
2001, 2017, 05,18,00, 2017, 05,24,00
2002, 2017, 05,23,00, 2017, 05,29,00
2003, 2017, 05,28,00, 2017, 06,03,00
2004, 2017, 06,02,00, 2017, 06,08,00
2005, 2017, 06,07,00, 2017, 06,13,00
2006, 2017, 06,12,00, 2017, 06,18,00
2007, 2017, 06,17,00, 2017, 06,23,00
2008, 2017, 06,22,00, 2017, 06,28,00
2009, 2017, 06,27,00, 2017, 07,03,00
2010, 2017, 07,02,00, 2017, 07,08,00
2011, 2017, 07,07,00, 2017, 07,13,00
2012, 2017, 07,12,00, 2017, 07,18,00
2013, 2017, 07,17,00, 2017, 07,23,00
2014, 2017, 07,22,00, 2017, 07,28,00
2015, 2017, 07,27,00, 2017, 08,02,00
2016, 2017, 08,01,00, 2017, 08,07,00
2017, 2017, 08,06,00, 2017, 08,12,00
2018, 2017, 08,11,00, 2017, 08,17,00
2019, 2017, 08,16,00, 2017, 08,22,00
2020, 2017, 08,21,00, 2017, 08,27,00
2021, 2017, 08,26,00, 2017, 09,01,00
2022, 2017, 08,31,00, 2017, 09,06,00
2023, 2017, 09,05,00, 2017, 09,11,00
2024, 2017, 09,10,00, 2017, 09,16,00
2025, 2017, 09,15,00, 2017, 09,21,00
2026, 2017, 09,20,00, 2017, 09,26,00
2027, 2017, 09,25,00, 2017, 10,01,00
2028, 2017, 09,30,00, 2017, 10,06,00
2029, 2017, 10,05,00, 2017, 10,11,00
2030, 2017, 10,10,00, 2017, 10,16,00
2031, 2017, 10,15,00, 2017, 10,21,00
2032, 2017, 10,20,00, 2017, 10,26,00
2033, 2017, 10,25,00, 2017, 10,31,00
2034, 2017, 10,30,00, 2017, 11,05,00
2035, 2017, 11,04,00, 2017, 11,10,00
2036, 2017, 11,09,00, 2017, 11,15,00
2037, 2017, 11,14,00, 2017, 11,20,00
2038, 2017, 11,19,00, 2017, 11,25,00
2039, 2017, 11,24,00, 2017, 11,30,00
2040, 2017, 11,29,00, 2017, 12,05,00
2041, 2017, 12,04,00, 2017, 12,10,00
2042, 2017, 12,09,00, 2017, 12,15,00
2043, 2017, 12,14,00, 2017, 12,20,00
2044, 2017, 12,19,00, 2017, 12,25,00
2045, 2017, 12,24,00, 2017, 12,30,00
2046, 2017, 12,29,00, 2018, 01,04,00
2047, 2018, 01,03,00, 2018, 01,09,00
2048, 2018, 01,08,00, 2018, 01,14,00
2049, 2018, 01,13,00, 2018, 01,19,00
2050, 2018, 01,18,00, 2018, 01,24,00
2051, 2018, 01,23,00, 2018, 01,29,00
2052, 2018, 01,28,00, 2018, 02,03,00
2053, 2018, 02,02,00, 2018, 02,08,00
2054, 2018, 02,07,00, 2018, 02,13,00
2055, 2018, 02,12,00, 2018, 02,18,00
2056, 2018, 02,17,00, 2018, 02,23,00
2057, 2018, 02,22,00, 2018, 02,28,00
2058, 2018, 02,27,00, 2018, 03,05,00
2059, 2018, 03,04,00, 2018, 03,10,00
2060, 2018, 03,09,00, 2018, 03,15,00
2061, 2018, 03,14,00, 2018, 03,20,00
2062, 2018, 03,19,00, 2018, 03,25,00
2063, 2018, 03,24,00, 2018, 03,30,00
2064, 2018, 03,29,00, 2018, 04,04,00
2065, 2018, 04,03,00, 2018, 04,09,00
2066, 2018, 04,08,00, 2018, 04,14,00
2067, 2018, 04,13,00, 2018, 04,19,00
2068, 2018, 04,18,00, 2018, 04,24,00
2069, 2018, 04,23,00, 2018, 04,29,00
2070, 2018, 04,28,00, 2018, 05,04,00
2071, 2018, 05,03,00, 2018, 05,09,00
2072, 2018, 05,08,00, 2018, 05,14,00
2073, 2018, 05,13,00, 2018, 05,19,00
2074, 2018, 05,18,00, 2018, 05,24,00
2075, 2018, 05,23,00, 2018, 05,29,00
2076, 2018, 05,28,00, 2018, 06,03,00
2077, 2018, 06,02,00, 2018, 06,08,00
2078, 2018, 06,07,00, 2018, 06,13,00
2079, 2018, 06,12,00, 2018, 06,18,00
2080, 2018, 06,17,00, 2018, 06,23,00
2081, 2018, 06,22,00, 2018, 06,28,00
2082, 2018, 06,27,00, 2018, 07,03,00
2083, 2018, 07,02,00, 2018, 07,08,00
2084, 2018, 07,07,00, 2018, 07,13,00
2085, 2018, 07,12,00, 2018, 07,18,00
2086, 2018, 07,17,00, 2018, 07,23,00
2087, 2018, 07,22,00, 2018, 07,28,00
2088, 2018, 07,27,00, 2018, 08,02,00
2089, 2018, 08,01,00, 2018, 08,07,00
2090, 2018, 08,06,00, 2018, 08,12,00
2091, 2018, 08,11,00, 2018, 08,17,00
2092, 2018, 08,16,00, 2018, 08,22,00
2093, 2018, 08,21,00, 2018, 08,27,00
2094, 2018, 08,26,00, 2018, 09,01,00
2095, 2018, 08,31,00, 2018, 09,06,00
2096, 2018, 09,05,00, 2018, 09,11,00
2097, 2018, 09,10,00, 2018, 09,16,00
2098, 2018, 09,15,00, 2018, 09,21,00
2099, 2018, 09,20,00, 2018, 09,26,00
2100, 2018, 09,25,00, 2018, 10,01,00
2101, 2018, 09,30,00, 2018, 10,06,00
2102, 2018, 10,05,00, 2018, 10,11,00
2103, 2018, 10,10,00, 2018, 10,16,00
2104, 2018, 10,15,00, 2018, 10,21,00
2105, 2018, 10,20,00, 2018, 10,26,00
2106, 2018, 10,25,00, 2018, 10,31,00
2107, 2018, 10,30,00, 2018, 11,05,00
2108, 2018, 11,04,00, 2018, 11,10,00
2109, 2018, 11,09,00, 2018, 11,15,00
2110, 2018, 11,14,00, 2018, 11,20,00
2111, 2018, 11,19,00, 2018, 11,25,00
2112, 2018, 11,24,00, 2018, 11,30,00
2113, 2018, 11,29,00, 2018, 12,05,00
2114, 2018, 12,04,00, 2018, 12,10,00
2115, 2018, 12,09,00, 2018, 12,15,00
2116, 2018, 12,14,00, 2018, 12,20,00
2117, 2018, 12,19,00, 2018, 12,25,00
2118, 2018, 12,24,00, 2018, 12,30,00
2119, 2018, 12,29,00, 2019, 01,04,00
2120, 2019, 01,03,00, 2019, 01,09,00
2121, 2019, 01,08,00, 2019, 01,14,00
2122, 2019, 01,13,00, 2019, 01,19,00
2123, 2019, 01,18,00, 2019, 01,24,00
2124, 2019, 01,23,00, 2019, 01,29,00
2125, 2019, 01,28,00, 2019, 02,03,00
2126, 2019, 02,02,00, 2019, 02,08,00
2127, 2019, 02,07,00, 2019, 02,13,00
2128, 2019, 02,12,00, 2019, 02,18,00
2129, 2019, 02,17,00, 2019, 02,23,00
2130, 2019, 02,22,00, 2019, 02,28,00
2131, 2019, 02,27,00, 2019, 03,05,00
2132, 2019, 03,04,00, 2019, 03,10,00
2133, 2019, 03,09,00, 2019, 03,15,00
2134, 2019, 03,14,00, 2019, 03,20,00
2135, 2019, 03,19,00, 2019, 03,25,00
2136, 2019, 03,24,00, 2019, 03,30,00
2137, 2019, 03,29,00, 2019, 04,04,00
2138, 2019, 04,03,00, 2019, 04,09,00
2139, 2019, 04,08,00, 2019, 04,14,00
2140, 2019, 04,13,00, 2019, 04,19,00
2141, 2019, 04,18,00, 2019, 04,24,00
2142, 2019, 04,23,00, 2019, 04,29,00
2143, 2019, 04,28,00, 2019, 05,04,00
2144, 2019, 05,03,00, 2019, 05,09,00
2145, 2019, 05,08,00, 2019, 05,14,00
2146, 2019, 05,13,00, 2019, 05,19,00
2147, 2019, 05,18,00, 2019, 05,24,00
2148, 2019, 05,23,00, 2019, 05,29,00
2149, 2019, 05,28,00, 2019, 06,03,00
2150, 2019, 06,02,00, 2019, 06,08,00
2151, 2019, 06,07,00, 2019, 06,13,00
2152, 2019, 06,12,00, 2019, 06,18,00
2153, 2019, 06,17,00, 2019, 06,23,00
2154, 2019, 06,22,00, 2019, 06,28,00
2155, 2019, 06,27,00, 2019, 07,03,00
2156, 2019, 07,02,00, 2019, 07,08,00
2157, 2019, 07,07,00, 2019, 07,13,00
2158, 2019, 07,12,00, 2019, 07,18,00
2159, 2019, 07,17,00, 2019, 07,23,00
2160, 2019, 07,22,00, 2019, 07,28,00
2161, 2019, 07,27,00, 2019, 08,02,00
2162, 2019, 08,01,00, 2019, 08,07,00
2163, 2019, 08,06,00, 2019, 08,12,00
2164, 2019, 08,11,00, 2019, 08,17,00
2165, 2019, 08,16,00, 2019, 08,22,00
2166, 2019, 08,21,00, 2019, 08,27,00
2167, 2019, 08,26,00, 2019, 09,01,00
2168, 2019, 08,31,00, 2019, 09,06,00
2169, 2019, 09,05,00, 2019, 09,11,00
2170, 2019, 09,10,00, 2019, 09,16,00
2171, 2019, 09,15,00, 2019, 09,21,00
2172, 2019, 09,20,00, 2019, 09,26,00
2173, 2019, 09,25,00, 2019, 10,01,00
2174, 2019, 09,30,00, 2019, 10,06,00
2175, 2019, 10,05,00, 2019, 10,11,00
2176, 2019, 10,10,00, 2019, 10,16,00
2177, 2019, 10,15,00, 2019, 10,21,00
2178, 2019, 10,20,00, 2019, 10,26,00
2179, 2019, 10,25,00, 2019, 10,31,00
2180, 2019, 10,30,00, 2019, 11,05,00
2181, 2019, 11,04,00, 2019, 11,10,00
2182, 2019, 11,09,00, 2019, 11,15,00
2183, 2019, 11,14,00, 2019, 11,20,00
2184, 2019, 11,19,00, 2019, 11,25,00
2185, 2019, 11,24,00, 2019, 11,30,00
2186, 2019, 11,29,00, 2019, 12,05,00
2187, 2019, 12,04,00, 2019, 12,10,00
2188, 2019, 12,09,00, 2019, 12,15,00
2189, 2019, 12,14,00, 2019, 12,20,00
2190, 2019, 12,19,00, 2019, 12,25,00
2191, 2019, 12,24,00, 2019, 12,30,00
2192, 2019, 12,29,00, 2020, 01,04,00
2193, 2020, 01,03,00, 2020, 01,09,00
2194, 2020, 01,08,00, 2020, 01,14,00
2195, 2020, 01,13,00, 2020, 01,19,00
2196, 2020, 01,18,00, 2020, 01,24,00
2197, 2020, 01,23,00, 2020, 01,29,00
2198, 2020, 01,28,00, 2020, 02,03,00
2199, 2020, 02,02,00, 2020, 02,08,00
2200, 2020, 02,07,00, 2020, 02,13,00
2201, 2020, 02,12,00, 2020, 02,18,00
2202, 2020, 02,17,00, 2020, 02,23,00
2203, 2020, 02,22,00, 2020, 02,28,00
2204, 2020, 02,27,00, 2020, 03,04,00
2205, 2020, 03,03,00, 2020, 03,09,00
2206, 2020, 03,08,00, 2020, 03,14,00
2207, 2020, 03,13,00, 2020, 03,19,00
2208, 2020, 03,18,00, 2020, 03,24,00
2209, 2020, 03,23,00, 2020, 03,29,00
2210, 2020, 03,28,00, 2020, 04,03,00
2211, 2020, 04,02,00, 2020, 04,08,00
2212, 2020, 04,07,00, 2020, 04,13,00
2213, 2020, 04,12,00, 2020, 04,18,00
2214, 2020, 04,17,00, 2020, 04,23,00
2215, 2020, 04,22,00, 2020, 04,28,00
2216, 2020, 04,27,00, 2020, 05,03,00
2217, 2020, 05,02,00, 2020, 05,08,00
2218, 2020, 05,07,00, 2020, 05,13,00
2219, 2020, 05,12,00, 2020, 05,18,00
2220, 2020, 05,17,00, 2020, 05,23,00
2221, 2020, 05,22,00, 2020, 05,28,00
2222, 2020, 05,27,00, 2020, 06,02,00
2223, 2020, 06,01,00, 2020, 06,07,00
2224, 2020, 06,06,00, 2020, 06,12,00
2225, 2020, 06,11,00, 2020, 06,17,00
2226, 2020, 06,16,00, 2020, 06,22,00
2227, 2020, 06,21,00, 2020, 06,27,00
2228, 2020, 06,26,00, 2020, 07,02,00
2229, 2020, 07,01,00, 2020, 07,07,00
2230, 2020, 07,06,00, 2020, 07,12,00
2231, 2020, 07,11,00, 2020, 07,17,00
2232, 2020, 07,16,00, 2020, 07,22,00
2233, 2020, 07,21,00, 2020, 07,27,00
2234, 2020, 07,26,00, 2020, 08,01,00
2235, 2020, 07,31,00, 2020, 08,06,00
2236, 2020, 08,05,00, 2020, 08,11,00
2237, 2020, 08,10,00, 2020, 08,16,00
2238, 2020, 08,15,00, 2020, 08,21,00
2239, 2020, 08,20,00, 2020, 08,26,00
2240, 2020, 08,25,00, 2020, 08,31,00
2241, 2020, 08,30,00, 2020, 09,05,00
2242, 2020, 09,04,00, 2020, 09,10,00
2243, 2020, 09,09,00, 2020, 09,15,00
2244, 2020, 09,14,00, 2020, 09,20,00
2245, 2020, 09,19,00, 2020, 09,25,00
2246, 2020, 09,24,00, 2020, 09,30,00
2247, 2020, 09,29,00, 2020, 10,05,00
2248, 2020, 10,04,00, 2020, 10,10,00
2249, 2020, 10,09,00, 2020, 10,15,00
2250, 2020, 10,14,00, 2020, 10,20,00
2251, 2020, 10,19,00, 2020, 10,25,00
2252, 2020, 10,24,00, 2020, 10,30,00
2253, 2020, 10,29,00, 2020, 11,04,00
2254, 2020, 11,03,00, 2020, 11,09,00
2255, 2020, 11,08,00, 2020, 11,14,00
2256, 2020, 11,13,00, 2020, 11,19,00
2257, 2020, 11,18,00, 2020, 11,24,00
2258, 2020, 11,23,00, 2020, 11,29,00
2259, 2020, 11,28,00, 2020, 12,04,00
2260, 2020, 12,03,00, 2020, 12,09,00
2261, 2020, 12,08,00, 2020, 12,14,00
2262, 2020, 12,13,00, 2020, 12,19,00
2263, 2020, 12,18,00, 2020, 12,24,00
2264, 2020, 12,23,00, 2020, 12,29,00
2265, 2020, 12,28,00, 2021, 01,01,00
